{
    "{\"p0\": \"128\", \"p1\": \"64\", \"p2\": \"#pragma omp parallel for\", \"p3\": \"sockets\", \"p4\": \"close\", \"p5\": \"dynamic\"}": 6.688,
    "{\"p0\": \"128\", \"p1\": \"64\", \"p2\": \"#pragma omp parallel for\", \"p3\": \"sockets\", \"p4\": \"master\", \"p5\": \"dynamic\"}": 6.707,
    "{\"p0\": \"16\", \"p1\": \"50\", \"p2\": \"#pragma omp parallel for\", \"p3\": \"sockets\", \"p4\": \"close\", \"p5\": \"dynamic\"}": 22.417,
    "{\"p0\": \"192\", \"p1\": \"10\", \"p2\": \"#pragma omp parallel for\", \"p3\": \"sockets\", \"p4\": \"close\", \"p5\": \"dynamic\"}": 8.094,
    "{\"p0\": \"192\", \"p1\": \"10\", \"p2\": \"#pragma omp parallel for\", \"p3\": \"sockets\", \"p4\": \"spread\", \"p5\": \"dynamic\"}": 8.047,
    "{\"p0\": \"192\", \"p1\": \"100\", \"p2\": \"#pragma omp parallel for\", \"p3\": \"sockets\", \"p4\": \"spread\", \"p5\": \"dynamic\"}": 7.995,
    "{\"p0\": \"192\", \"p1\": \"128\", \"p2\": \"#pragma omp parallel for\", \"p3\": \"sockets\", \"p4\": \"close\", \"p5\": \"static\"}": 8.002,
    "{\"p0\": \"192\", \"p1\": \"128\", \"p2\": \"#pragma omp parallel for\", \"p3\": \"sockets\", \"p4\": \"spread\", \"p5\": \"dynamic\"}": 8.012,
    "{\"p0\": \"192\", \"p1\": \"160\", \"p2\": \"#pragma omp parallel for\", \"p3\": \"sockets\", \"p4\": \"spread\", \"p5\": \"dynamic\"}": 7.985,
    "{\"p0\": \"192\", \"p1\": \"20\", \"p2\": \"#pragma omp parallel for\", \"p3\": \"sockets\", \"p4\": \"close\", \"p5\": \"dynamic\"}": 8.01,
    "{\"p0\": \"192\", \"p1\": \"20\", \"p2\": \"#pragma omp parallel for\", \"p3\": \"sockets\", \"p4\": \"close\", \"p5\": \"static\"}": 8.035,
    "{\"p0\": \"192\", \"p1\": \"20\", \"p2\": \"#pragma omp parallel for\", \"p3\": \"sockets\", \"p4\": \"spread\", \"p5\": \"dynamic\"}": 8.025,
    "{\"p0\": \"192\", \"p1\": \"200\", \"p2\": \"#pragma omp parallel for\", \"p3\": \"sockets\", \"p4\": \"close\", \"p5\": \"dynamic\"}": 8.028,
    "{\"p0\": \"192\", \"p1\": \"200\", \"p2\": \"#pragma omp parallel for\", \"p3\": \"sockets\", \"p4\": \"close\", \"p5\": \"static\"}": 8.017,
    "{\"p0\": \"192\", \"p1\": \"200\", \"p2\": \"#pragma omp parallel for\", \"p3\": \"sockets\", \"p4\": \"spread\", \"p5\": \"dynamic\"}": 8.001,
    "{\"p0\": \"192\", \"p1\": \"256\", \"p2\": \"#pragma omp parallel for\", \"p3\": \"sockets\", \"p4\": \"spread\", \"p5\": \"dynamic\"}": 7.997,
    "{\"p0\": \"192\", \"p1\": \"40\", \"p2\": \"#pragma omp parallel for\", \"p3\": \"sockets\", \"p4\": \"close\", \"p5\": \"dynamic\"}": 8.063,
    "{\"p0\": \"192\", \"p1\": \"40\", \"p2\": \"#pragma omp parallel for\", \"p3\": \"sockets\", \"p4\": \"spread\", \"p5\": \"dynamic\"}": 8.006,
    "{\"p0\": \"192\", \"p1\": \"40\", \"p2\": \"#pragma omp parallel for\", \"p3\": \"threads\", \"p4\": \"close\", \"p5\": \"static\"}": 7.999,
    "{\"p0\": \"192\", \"p1\": \"400\", \"p2\": \"#pragma omp parallel for\", \"p3\": \"sockets\", \"p4\": \"close\", \"p5\": \"dynamic\"}": 8.008,
    "{\"p0\": \"192\", \"p1\": \"400\", \"p2\": \"#pragma omp parallel for\", \"p3\": \"sockets\", \"p4\": \"close\", \"p5\": \"static\"}": 8.025,
    "{\"p0\": \"192\", \"p1\": \"400\", \"p2\": \"#pragma omp parallel for\", \"p3\": \"sockets\", \"p4\": \"master\", \"p5\": \"dynamic\"}": 7.986,
    "{\"p0\": \"192\", \"p1\": \"400\", \"p2\": \"#pragma omp parallel for\", \"p3\": \"sockets\", \"p4\": \"spread\", \"p5\": \"dynamic\"}": 8.002,
    "{\"p0\": \"192\", \"p1\": \"50\", \"p2\": \"#pragma omp parallel for\", \"p3\": \"sockets\", \"p4\": \"close\", \"p5\": \"dynamic\"}": 7.988,
    "{\"p0\": \"192\", \"p1\": \"50\", \"p2\": \"#pragma omp parallel for\", \"p3\": \"sockets\", \"p4\": \"close\", \"p5\": \"static\"}": 8.017,
    "{\"p0\": \"192\", \"p1\": \"50\", \"p2\": \"#pragma omp parallel for\", \"p3\": \"sockets\", \"p4\": \"master\", \"p5\": \"dynamic\"}": 8.027,
    "{\"p0\": \"192\", \"p1\": \"50\", \"p2\": \"#pragma omp parallel for\", \"p3\": \"sockets\", \"p4\": \"spread\", \"p5\": \"dynamic\"}": 7.991,
    "{\"p0\": \"192\", \"p1\": \"50\", \"p2\": \"#pragma omp parallel for\", \"p3\": \"sockets\", \"p4\": \"spread\", \"p5\": \"static\"}": 8.015,
    "{\"p0\": \"192\", \"p1\": \"64\", \"p2\": \" \", \"p3\": \"threads\", \"p4\": \"master\", \"p5\": \"dynamic\"}": 358.483,
    "{\"p0\": \"192\", \"p1\": \"64\", \"p2\": \"#pragma omp parallel for\", \"p3\": \"sockets\", \"p4\": \"close\", \"p5\": \"dynamic\"}": 8.024,
    "{\"p0\": \"192\", \"p1\": \"64\", \"p2\": \"#pragma omp parallel for\", \"p3\": \"sockets\", \"p4\": \"close\", \"p5\": \"static\"}": 7.996,
    "{\"p0\": \"192\", \"p1\": \"64\", \"p2\": \"#pragma omp parallel for\", \"p3\": \"sockets\", \"p4\": \"master\", \"p5\": \"dynamic\"}": 8.004,
    "{\"p0\": \"192\", \"p1\": \"64\", \"p2\": \"#pragma omp parallel for\", \"p3\": \"sockets\", \"p4\": \"master\", \"p5\": \"static\"}": 8.009,
    "{\"p0\": \"192\", \"p1\": \"64\", \"p2\": \"#pragma omp parallel for\", \"p3\": \"sockets\", \"p4\": \"spread\", \"p5\": \"dynamic\"}": 8.024,
    "{\"p0\": \"192\", \"p1\": \"64\", \"p2\": \"#pragma omp parallel for\", \"p3\": \"sockets\", \"p4\": \"spread\", \"p5\": \"static\"}": 7.98,
    "{\"p0\": \"192\", \"p1\": \"80\", \"p2\": \"#pragma omp parallel for\", \"p3\": \"sockets\", \"p4\": \"close\", \"p5\": \"dynamic\"}": 8.046,
    "{\"p0\": \"192\", \"p1\": \"80\", \"p2\": \"#pragma omp parallel for\", \"p3\": \"sockets\", \"p4\": \"spread\", \"p5\": \"dynamic\"}": 7.985,
    "{\"p0\": \"256\", \"p1\": \"50\", \"p2\": \"#pragma omp parallel for\", \"p3\": \"sockets\", \"p4\": \"close\", \"p5\": \"dynamic\"}": 9.682,
    "{\"p0\": \"256\", \"p1\": \"80\", \"p2\": \"#pragma omp parallel for\", \"p3\": \"sockets\", \"p4\": \"master\", \"p5\": \"static\"}": 9.639,
    "{\"p0\": \"32\", \"p1\": \"160\", \"p2\": \" \", \"p3\": \"cores\", \"p4\": \"close\", \"p5\": \"static\"}": 10.023,
    "{\"p0\": \"32\", \"p1\": \"64\", \"p2\": \"#pragma omp parallel for\", \"p3\": \"sockets\", \"p4\": \"close\", \"p5\": \"dynamic\"}": 10.712,
    "{\"p0\": \"48\", \"p1\": \"64\", \"p2\": \"#pragma omp parallel for\", \"p3\": \"sockets\", \"p4\": \"spread\", \"p5\": \"dynamic\"}": 6.808,
    "{\"p0\": \"64\", \"p1\": \"10\", \"p2\": \" \", \"p3\": \"sockets\", \"p4\": \"spread\", \"p5\": \"dynamic\"}": 6.303,
    "{\"p0\": \"64\", \"p1\": \"10\", \"p2\": \"#pragma omp parallel for\", \"p3\": \"cores\", \"p4\": \"spread\", \"p5\": \"dynamic\"}": 4.921,
    "{\"p0\": \"64\", \"p1\": \"10\", \"p2\": \"#pragma omp parallel for\", \"p3\": \"sockets\", \"p4\": \"close\", \"p5\": \"dynamic\"}": 5.228,
    "{\"p0\": \"64\", \"p1\": \"10\", \"p2\": \"#pragma omp parallel for\", \"p3\": \"sockets\", \"p4\": \"master\", \"p5\": \"dynamic\"}": 5.453,
    "{\"p0\": \"64\", \"p1\": \"10\", \"p2\": \"#pragma omp parallel for\", \"p3\": \"sockets\", \"p4\": \"spread\", \"p5\": \"dynamic\"}": 5.024,
    "{\"p0\": \"64\", \"p1\": \"10\", \"p2\": \"#pragma omp parallel for\", \"p3\": \"sockets\", \"p4\": \"spread\", \"p5\": \"static\"}": 5.33,
    "{\"p0\": \"64\", \"p1\": \"100\", \"p2\": \"#pragma omp parallel for\", \"p3\": \"sockets\", \"p4\": \"master\", \"p5\": \"dynamic\"}": 5.175,
    "{\"p0\": \"64\", \"p1\": \"100\", \"p2\": \"#pragma omp parallel for\", \"p3\": \"sockets\", \"p4\": \"spread\", \"p5\": \"static\"}": 5.571,
    "{\"p0\": \"64\", \"p1\": \"128\", \"p2\": \"#pragma omp parallel for\", \"p3\": \"sockets\", \"p4\": \"spread\", \"p5\": \"dynamic\"}": 5.394,
    "{\"p0\": \"64\", \"p1\": \"160\", \"p2\": \"#pragma omp parallel for\", \"p3\": \"sockets\", \"p4\": \"master\", \"p5\": \"dynamic\"}": 5.306,
    "{\"p0\": \"64\", \"p1\": \"20\", \"p2\": \"#pragma omp parallel for\", \"p3\": \"sockets\", \"p4\": \"master\", \"p5\": \"dynamic\"}": 5.189,
    "{\"p0\": \"64\", \"p1\": \"20\", \"p2\": \"#pragma omp parallel for\", \"p3\": \"sockets\", \"p4\": \"spread\", \"p5\": \"dynamic\"}": 5.222,
    "{\"p0\": \"64\", \"p1\": \"200\", \"p2\": \"#pragma omp parallel for\", \"p3\": \"sockets\", \"p4\": \"master\", \"p5\": \"dynamic\"}": 5.23,
    "{\"p0\": \"64\", \"p1\": \"256\", \"p2\": \"#pragma omp parallel for\", \"p3\": \"sockets\", \"p4\": \"master\", \"p5\": \"dynamic\"}": 5.107,
    "{\"p0\": \"64\", \"p1\": \"256\", \"p2\": \"#pragma omp parallel for\", \"p3\": \"sockets\", \"p4\": \"spread\", \"p5\": \"dynamic\"}": 5.246,
    "{\"p0\": \"64\", \"p1\": \"256\", \"p2\": \"#pragma omp parallel for\", \"p3\": \"sockets\", \"p4\": \"spread\", \"p5\": \"static\"}": 5.152,
    "{\"p0\": \"64\", \"p1\": \"40\", \"p2\": \" \", \"p3\": \"sockets\", \"p4\": \"master\", \"p5\": \"static\"}": 6.262,
    "{\"p0\": \"64\", \"p1\": \"40\", \"p2\": \"#pragma omp parallel for\", \"p3\": \"sockets\", \"p4\": \"close\", \"p5\": \"dynamic\"}": 5.387,
    "{\"p0\": \"64\", \"p1\": \"40\", \"p2\": \"#pragma omp parallel for\", \"p3\": \"sockets\", \"p4\": \"master\", \"p5\": \"dynamic\"}": 5.308,
    "{\"p0\": \"64\", \"p1\": \"400\", \"p2\": \"#pragma omp parallel for\", \"p3\": \"sockets\", \"p4\": \"master\", \"p5\": \"dynamic\"}": 5.191,
    "{\"p0\": \"64\", \"p1\": \"400\", \"p2\": \"#pragma omp parallel for\", \"p3\": \"sockets\", \"p4\": \"spread\", \"p5\": \"static\"}": 5.059,
    "{\"p0\": \"64\", \"p1\": \"50\", \"p2\": \"#pragma omp parallel for\", \"p3\": \"sockets\", \"p4\": \"close\", \"p5\": \"dynamic\"}": 5.449,
    "{\"p0\": \"64\", \"p1\": \"50\", \"p2\": \"#pragma omp parallel for\", \"p3\": \"sockets\", \"p4\": \"close\", \"p5\": \"static\"}": 5.163,
    "{\"p0\": \"64\", \"p1\": \"50\", \"p2\": \"#pragma omp parallel for\", \"p3\": \"sockets\", \"p4\": \"master\", \"p5\": \"dynamic\"}": 5.185,
    "{\"p0\": \"64\", \"p1\": \"50\", \"p2\": \"#pragma omp parallel for\", \"p3\": \"sockets\", \"p4\": \"master\", \"p5\": \"static\"}": 5.359,
    "{\"p0\": \"64\", \"p1\": \"50\", \"p2\": \"#pragma omp parallel for\", \"p3\": \"sockets\", \"p4\": \"spread\", \"p5\": \"dynamic\"}": 5.101,
    "{\"p0\": \"64\", \"p1\": \"50\", \"p2\": \"#pragma omp parallel for\", \"p3\": \"sockets\", \"p4\": \"spread\", \"p5\": \"static\"}": 5.325,
    "{\"p0\": \"64\", \"p1\": \"64\", \"p2\": \"#pragma omp parallel for\", \"p3\": \"sockets\", \"p4\": \"close\", \"p5\": \"dynamic\"}": 5.366,
    "{\"p0\": \"64\", \"p1\": \"64\", \"p2\": \"#pragma omp parallel for\", \"p3\": \"sockets\", \"p4\": \"close\", \"p5\": \"static\"}": 5.379,
    "{\"p0\": \"64\", \"p1\": \"64\", \"p2\": \"#pragma omp parallel for\", \"p3\": \"sockets\", \"p4\": \"master\", \"p5\": \"dynamic\"}": 5.16,
    "{\"p0\": \"64\", \"p1\": \"64\", \"p2\": \"#pragma omp parallel for\", \"p3\": \"sockets\", \"p4\": \"master\", \"p5\": \"static\"}": 4.972,
    "{\"p0\": \"64\", \"p1\": \"64\", \"p2\": \"#pragma omp parallel for\", \"p3\": \"sockets\", \"p4\": \"spread\", \"p5\": \"dynamic\"}": 5.074,
    "{\"p0\": \"64\", \"p1\": \"64\", \"p2\": \"#pragma omp parallel for\", \"p3\": \"sockets\", \"p4\": \"spread\", \"p5\": \"static\"}": 5.114,
    "{\"p0\": \"64\", \"p1\": \"80\", \"p2\": \"#pragma omp parallel for\", \"p3\": \"sockets\", \"p4\": \"master\", \"p5\": \"dynamic\"}": 5.696,
    "{\"p0\": \"8\", \"p1\": \"128\", \"p2\": \"#pragma omp parallel for\", \"p3\": \"sockets\", \"p4\": \"spread\", \"p5\": \"static\"}": 51.878,
    "{\"p0\": \"96\", \"p1\": \"20\", \"p2\": \" \", \"p3\": \"sockets\", \"p4\": \"spread\", \"p5\": \"dynamic\"}": 9.129,
    "{\"p0\": \"96\", \"p1\": \"50\", \"p2\": \" \", \"p3\": \"cores\", \"p4\": \"master\", \"p5\": \"dynamic\"}": 233.053
}