{
    "{\"p0\": \"128\", \"p1\": \"cores\", \"p2\": \" \", \"p3\": \" \", \"p4\": \" \", \"p5\": \"master\", \"p6\": \"static\"}": 1.7976931348623157e+308,
    "{\"p0\": \"128\", \"p1\": \"cores\", \"p2\": \"#pragma unroll(3)\", \"p3\": \"#pragma omp parallel for\", \"p4\": \" \", \"p5\": \"close\", \"p6\": \"dynamic\"}": 1.7976931348623157e+308,
    "{\"p0\": \"128\", \"p1\": \"cores\", \"p2\": \"#pragma unroll(3)\", \"p3\": \"#pragma omp parallel for\", \"p4\": \" \", \"p5\": \"close\", \"p6\": \"static\"}": 1.7976931348623157e+308,
    "{\"p0\": \"128\", \"p1\": \"cores\", \"p2\": \"#pragma unroll(3)\", \"p3\": \"#pragma omp parallel for\", \"p4\": \" \", \"p5\": \"spread\", \"p6\": \"dynamic\"}": 1.7976931348623157e+308,
    "{\"p0\": \"128\", \"p1\": \"cores\", \"p2\": \"#pragma unroll(3)\", \"p3\": \"#pragma omp parallel for\", \"p4\": \"#pragma unroll(6)\", \"p5\": \"close\", \"p6\": \"static\"}": 1.7976931348623157e+308,
    "{\"p0\": \"128\", \"p1\": \"sockets\", \"p2\": \" \", \"p3\": \" \", \"p4\": \" \", \"p5\": \"close\", \"p6\": \"static\"}": 1.7976931348623157e+308,
    "{\"p0\": \"128\", \"p1\": \"sockets\", \"p2\": \" \", \"p3\": \"#pragma omp parallel for\", \"p4\": \" \", \"p5\": \"close\", \"p6\": \"dynamic\"}": 1.7976931348623157e+308,
    "{\"p0\": \"128\", \"p1\": \"sockets\", \"p2\": \" \", \"p3\": \"#pragma omp parallel for\", \"p4\": \" \", \"p5\": \"close\", \"p6\": \"static\"}": 1.7976931348623157e+308,
    "{\"p0\": \"128\", \"p1\": \"sockets\", \"p2\": \" \", \"p3\": \"#pragma omp parallel for\", \"p4\": \" \", \"p5\": \"master\", \"p6\": \"static\"}": 1.7976931348623157e+308,
    "{\"p0\": \"128\", \"p1\": \"sockets\", \"p2\": \" \", \"p3\": \"#pragma omp parallel for\", \"p4\": \"#pragma unroll(6)\", \"p5\": \"close\", \"p6\": \"static\"}": 1.7976931348623157e+308,
    "{\"p0\": \"128\", \"p1\": \"sockets\", \"p2\": \"#pragma unroll(3)\", \"p3\": \" \", \"p4\": \" \", \"p5\": \"close\", \"p6\": \"dynamic\"}": 1.7976931348623157e+308,
    "{\"p0\": \"128\", \"p1\": \"sockets\", \"p2\": \"#pragma unroll(3)\", \"p3\": \" \", \"p4\": \" \", \"p5\": \"close\", \"p6\": \"static\"}": 1.7976931348623157e+308,
    "{\"p0\": \"128\", \"p1\": \"sockets\", \"p2\": \"#pragma unroll(3)\", \"p3\": \" \", \"p4\": \"#pragma unroll(6)\", \"p5\": \"close\", \"p6\": \"static\"}": 1.7976931348623157e+308,
    "{\"p0\": \"128\", \"p1\": \"sockets\", \"p2\": \"#pragma unroll(3)\", \"p3\": \"#pragma omp parallel for\", \"p4\": \" \", \"p5\": \"close\", \"p6\": \"dynamic\"}": 1.7976931348623157e+308,
    "{\"p0\": \"128\", \"p1\": \"sockets\", \"p2\": \"#pragma unroll(3)\", \"p3\": \"#pragma omp parallel for\", \"p4\": \" \", \"p5\": \"close\", \"p6\": \"static\"}": 7241.065,
    "{\"p0\": \"128\", \"p1\": \"sockets\", \"p2\": \"#pragma unroll(3)\", \"p3\": \"#pragma omp parallel for\", \"p4\": \" \", \"p5\": \"master\", \"p6\": \"dynamic\"}": 1.7976931348623157e+308,
    "{\"p0\": \"128\", \"p1\": \"sockets\", \"p2\": \"#pragma unroll(3)\", \"p3\": \"#pragma omp parallel for\", \"p4\": \" \", \"p5\": \"master\", \"p6\": \"static\"}": 1.7976931348623157e+308,
    "{\"p0\": \"128\", \"p1\": \"sockets\", \"p2\": \"#pragma unroll(3)\", \"p3\": \"#pragma omp parallel for\", \"p4\": \" \", \"p5\": \"spread\", \"p6\": \"dynamic\"}": 1.7976931348623157e+308,
    "{\"p0\": \"128\", \"p1\": \"sockets\", \"p2\": \"#pragma unroll(3)\", \"p3\": \"#pragma omp parallel for\", \"p4\": \" \", \"p5\": \"spread\", \"p6\": \"static\"}": 1.7976931348623157e+308,
    "{\"p0\": \"128\", \"p1\": \"sockets\", \"p2\": \"#pragma unroll(3)\", \"p3\": \"#pragma omp parallel for\", \"p4\": \"#pragma unroll(6)\", \"p5\": \"close\", \"p6\": \"dynamic\"}": 1.7976931348623157e+308,
    "{\"p0\": \"128\", \"p1\": \"sockets\", \"p2\": \"#pragma unroll(3)\", \"p3\": \"#pragma omp parallel for\", \"p4\": \"#pragma unroll(6)\", \"p5\": \"close\", \"p6\": \"static\"}": 1.7976931348623157e+308,
    "{\"p0\": \"128\", \"p1\": \"sockets\", \"p2\": \"#pragma unroll(3)\", \"p3\": \"#pragma omp parallel for\", \"p4\": \"#pragma unroll(6)\", \"p5\": \"spread\", \"p6\": \"static\"}": 1.7976931348623157e+308,
    "{\"p0\": \"128\", \"p1\": \"threads\", \"p2\": \" \", \"p3\": \" \", \"p4\": \"#pragma unroll(6)\", \"p5\": \"close\", \"p6\": \"static\"}": 1.7976931348623157e+308,
    "{\"p0\": \"128\", \"p1\": \"threads\", \"p2\": \" \", \"p3\": \" \", \"p4\": \"#pragma unroll(6)\", \"p5\": \"spread\", \"p6\": \"static\"}": 1.7976931348623157e+308,
    "{\"p0\": \"128\", \"p1\": \"threads\", \"p2\": \" \", \"p3\": \"#pragma omp parallel for\", \"p4\": \" \", \"p5\": \"close\", \"p6\": \"static\"}": 1.7976931348623157e+308,
    "{\"p0\": \"128\", \"p1\": \"threads\", \"p2\": \" \", \"p3\": \"#pragma omp parallel for\", \"p4\": \" \", \"p5\": \"master\", \"p6\": \"dynamic\"}": 1.7976931348623157e+308,
    "{\"p0\": \"128\", \"p1\": \"threads\", \"p2\": \"#pragma unroll(3)\", \"p3\": \"#pragma omp parallel for\", \"p4\": \" \", \"p5\": \"close\", \"p6\": \"static\"}": 1.7976931348623157e+308,
    "{\"p0\": \"16\", \"p1\": \"cores\", \"p2\": \"#pragma unroll(3)\", \"p3\": \"#pragma omp parallel for\", \"p4\": \" \", \"p5\": \"spread\", \"p6\": \"dynamic\"}": 1.7976931348623157e+308,
    "{\"p0\": \"16\", \"p1\": \"sockets\", \"p2\": \"#pragma unroll(3)\", \"p3\": \"#pragma omp parallel for\", \"p4\": \" \", \"p5\": \"close\", \"p6\": \"static\"}": 1.7976931348623157e+308,
    "{\"p0\": \"16\", \"p1\": \"threads\", \"p2\": \" \", \"p3\": \" \", \"p4\": \"#pragma unroll(6)\", \"p5\": \"spread\", \"p6\": \"static\"}": 1.7976931348623157e+308,
    "{\"p0\": \"16\", \"p1\": \"threads\", \"p2\": \" \", \"p3\": \"#pragma omp parallel for\", \"p4\": \" \", \"p5\": \"spread\", \"p6\": \"static\"}": 1.7976931348623157e+308,
    "{\"p0\": \"16\", \"p1\": \"threads\", \"p2\": \"#pragma unroll(3)\", \"p3\": \"#pragma omp parallel for\", \"p4\": \" \", \"p5\": \"spread\", \"p6\": \"dynamic\"}": 1.7976931348623157e+308,
    "{\"p0\": \"192\", \"p1\": \"cores\", \"p2\": \" \", \"p3\": \" \", \"p4\": \" \", \"p5\": \"close\", \"p6\": \"static\"}": 1.7976931348623157e+308,
    "{\"p0\": \"192\", \"p1\": \"cores\", \"p2\": \" \", \"p3\": \" \", \"p4\": \" \", \"p5\": \"master\", \"p6\": \"dynamic\"}": 1.7976931348623157e+308,
    "{\"p0\": \"192\", \"p1\": \"cores\", \"p2\": \" \", \"p3\": \" \", \"p4\": \" \", \"p5\": \"master\", \"p6\": \"static\"}": 8736.777,
    "{\"p0\": \"192\", \"p1\": \"cores\", \"p2\": \" \", \"p3\": \" \", \"p4\": \"#pragma unroll(6)\", \"p5\": \"master\", \"p6\": \"static\"}": 1.7976931348623157e+308,
    "{\"p0\": \"192\", \"p1\": \"cores\", \"p2\": \" \", \"p3\": \"#pragma omp parallel for\", \"p4\": \" \", \"p5\": \"master\", \"p6\": \"dynamic\"}": 1.7976931348623157e+308,
    "{\"p0\": \"192\", \"p1\": \"cores\", \"p2\": \" \", \"p3\": \"#pragma omp parallel for\", \"p4\": \" \", \"p5\": \"master\", \"p6\": \"static\"}": 1.7976931348623157e+308,
    "{\"p0\": \"192\", \"p1\": \"cores\", \"p2\": \" \", \"p3\": \"#pragma omp parallel for\", \"p4\": \"#pragma unroll(6)\", \"p5\": \"master\", \"p6\": \"static\"}": 1.7976931348623157e+308,
    "{\"p0\": \"192\", \"p1\": \"cores\", \"p2\": \"#pragma unroll(3)\", \"p3\": \" \", \"p4\": \" \", \"p5\": \"master\", \"p6\": \"dynamic\"}": 1.7976931348623157e+308,
    "{\"p0\": \"192\", \"p1\": \"cores\", \"p2\": \"#pragma unroll(3)\", \"p3\": \" \", \"p4\": \" \", \"p5\": \"master\", \"p6\": \"static\"}": 1.7976931348623157e+308,
    "{\"p0\": \"192\", \"p1\": \"cores\", \"p2\": \"#pragma unroll(3)\", \"p3\": \" \", \"p4\": \" \", \"p5\": \"spread\", \"p6\": \"static\"}": 1.7976931348623157e+308,
    "{\"p0\": \"192\", \"p1\": \"cores\", \"p2\": \"#pragma unroll(3)\", \"p3\": \"#pragma omp parallel for\", \"p4\": \" \", \"p5\": \"spread\", \"p6\": \"dynamic\"}": 1.7976931348623157e+308,
    "{\"p0\": \"192\", \"p1\": \"cores\", \"p2\": \"#pragma unroll(3)\", \"p3\": \"#pragma omp parallel for\", \"p4\": \" \", \"p5\": \"spread\", \"p6\": \"static\"}": 1.7976931348623157e+308,
    "{\"p0\": \"192\", \"p1\": \"sockets\", \"p2\": \" \", \"p3\": \" \", \"p4\": \" \", \"p5\": \"master\", \"p6\": \"static\"}": 1.7976931348623157e+308,
    "{\"p0\": \"192\", \"p1\": \"sockets\", \"p2\": \"#pragma unroll(3)\", \"p3\": \"#pragma omp parallel for\", \"p4\": \" \", \"p5\": \"close\", \"p6\": \"static\"}": 1.7976931348623157e+308,
    "{\"p0\": \"192\", \"p1\": \"sockets\", \"p2\": \"#pragma unroll(3)\", \"p3\": \"#pragma omp parallel for\", \"p4\": \" \", \"p5\": \"spread\", \"p6\": \"static\"}": 1.7976931348623157e+308,
    "{\"p0\": \"192\", \"p1\": \"threads\", \"p2\": \" \", \"p3\": \" \", \"p4\": \" \", \"p5\": \"master\", \"p6\": \"dynamic\"}": 1.7976931348623157e+308,
    "{\"p0\": \"192\", \"p1\": \"threads\", \"p2\": \" \", \"p3\": \" \", \"p4\": \" \", \"p5\": \"master\", \"p6\": \"static\"}": 1.7976931348623157e+308,
    "{\"p0\": \"192\", \"p1\": \"threads\", \"p2\": \" \", \"p3\": \" \", \"p4\": \" \", \"p5\": \"spread\", \"p6\": \"static\"}": 1.7976931348623157e+308,
    "{\"p0\": \"192\", \"p1\": \"threads\", \"p2\": \" \", \"p3\": \" \", \"p4\": \"#pragma unroll(6)\", \"p5\": \"spread\", \"p6\": \"static\"}": 1.7976931348623157e+308,
    "{\"p0\": \"192\", \"p1\": \"threads\", \"p2\": \" \", \"p3\": \"#pragma omp parallel for\", \"p4\": \" \", \"p5\": \"master\", \"p6\": \"dynamic\"}": 1.7976931348623157e+308,
    "{\"p0\": \"192\", \"p1\": \"threads\", \"p2\": \" \", \"p3\": \"#pragma omp parallel for\", \"p4\": \" \", \"p5\": \"master\", \"p6\": \"static\"}": 1.7976931348623157e+308,
    "{\"p0\": \"192\", \"p1\": \"threads\", \"p2\": \" \", \"p3\": \"#pragma omp parallel for\", \"p4\": \"#pragma unroll(6)\", \"p5\": \"spread\", \"p6\": \"static\"}": 1.7976931348623157e+308,
    "{\"p0\": \"2\", \"p1\": \"sockets\", \"p2\": \"#pragma unroll(3)\", \"p3\": \"#pragma omp parallel for\", \"p4\": \" \", \"p5\": \"spread\", \"p6\": \"static\"}": 1.7976931348623157e+308,
    "{\"p0\": \"2\", \"p1\": \"threads\", \"p2\": \" \", \"p3\": \" \", \"p4\": \"#pragma unroll(6)\", \"p5\": \"master\", \"p6\": \"dynamic\"}": 1.7976931348623157e+308,
    "{\"p0\": \"2\", \"p1\": \"threads\", \"p2\": \" \", \"p3\": \" \", \"p4\": \"#pragma unroll(6)\", \"p5\": \"spread\", \"p6\": \"static\"}": 1.7976931348623157e+308,
    "{\"p0\": \"256\", \"p1\": \"cores\", \"p2\": \" \", \"p3\": \" \", \"p4\": \"#pragma unroll(6)\", \"p5\": \"spread\", \"p6\": \"static\"}": 13478.967,
    "{\"p0\": \"256\", \"p1\": \"sockets\", \"p2\": \"#pragma unroll(3)\", \"p3\": \"#pragma omp parallel for\", \"p4\": \" \", \"p5\": \"spread\", \"p6\": \"dynamic\"}": 1.7976931348623157e+308,
    "{\"p0\": \"256\", \"p1\": \"sockets\", \"p2\": \"#pragma unroll(3)\", \"p3\": \"#pragma omp parallel for\", \"p4\": \" \", \"p5\": \"spread\", \"p6\": \"static\"}": 1.7976931348623157e+308,
    "{\"p0\": \"256\", \"p1\": \"threads\", \"p2\": \" \", \"p3\": \" \", \"p4\": \"#pragma unroll(6)\", \"p5\": \"spread\", \"p6\": \"static\"}": 1.7976931348623157e+308,
    "{\"p0\": \"32\", \"p1\": \"threads\", \"p2\": \" \", \"p3\": \" \", \"p4\": \"#pragma unroll(6)\", \"p5\": \"spread\", \"p6\": \"static\"}": 1.7976931348623157e+308,
    "{\"p0\": \"32\", \"p1\": \"threads\", \"p2\": \" \", \"p3\": \"#pragma omp parallel for\", \"p4\": \" \", \"p5\": \"master\", \"p6\": \"dynamic\"}": 1.7976931348623157e+308,
    "{\"p0\": \"32\", \"p1\": \"threads\", \"p2\": \"#pragma unroll(3)\", \"p3\": \"#pragma omp parallel for\", \"p4\": \" \", \"p5\": \"close\", \"p6\": \"dynamic\"}": 1.7976931348623157e+308,
    "{\"p0\": \"4\", \"p1\": \"cores\", \"p2\": \" \", \"p3\": \" \", \"p4\": \" \", \"p5\": \"spread\", \"p6\": \"dynamic\"}": 1.7976931348623157e+308,
    "{\"p0\": \"4\", \"p1\": \"cores\", \"p2\": \" \", \"p3\": \"#pragma omp parallel for\", \"p4\": \" \", \"p5\": \"close\", \"p6\": \"dynamic\"}": 1.7976931348623157e+308,
    "{\"p0\": \"4\", \"p1\": \"cores\", \"p2\": \" \", \"p3\": \"#pragma omp parallel for\", \"p4\": \" \", \"p5\": \"master\", \"p6\": \"dynamic\"}": 1.7976931348623157e+308,
    "{\"p0\": \"4\", \"p1\": \"cores\", \"p2\": \" \", \"p3\": \"#pragma omp parallel for\", \"p4\": \" \", \"p5\": \"spread\", \"p6\": \"dynamic\"}": 1.7976931348623157e+308,
    "{\"p0\": \"4\", \"p1\": \"cores\", \"p2\": \" \", \"p3\": \"#pragma omp parallel for\", \"p4\": \" \", \"p5\": \"spread\", \"p6\": \"static\"}": 1.7976931348623157e+308,
    "{\"p0\": \"4\", \"p1\": \"cores\", \"p2\": \" \", \"p3\": \"#pragma omp parallel for\", \"p4\": \"#pragma unroll(6)\", \"p5\": \"spread\", \"p6\": \"dynamic\"}": 1.7976931348623157e+308,
    "{\"p0\": \"4\", \"p1\": \"cores\", \"p2\": \"#pragma unroll(3)\", \"p3\": \" \", \"p4\": \" \", \"p5\": \"spread\", \"p6\": \"dynamic\"}": 1.7976931348623157e+308,
    "{\"p0\": \"4\", \"p1\": \"cores\", \"p2\": \"#pragma unroll(3)\", \"p3\": \" \", \"p4\": \" \", \"p5\": \"spread\", \"p6\": \"static\"}": 1.7976931348623157e+308,
    "{\"p0\": \"4\", \"p1\": \"cores\", \"p2\": \"#pragma unroll(3)\", \"p3\": \" \", \"p4\": \"#pragma unroll(6)\", \"p5\": \"spread\", \"p6\": \"dynamic\"}": 1.7976931348623157e+308,
    "{\"p0\": \"4\", \"p1\": \"cores\", \"p2\": \"#pragma unroll(3)\", \"p3\": \"#pragma omp parallel for\", \"p4\": \" \", \"p5\": \"close\", \"p6\": \"dynamic\"}": 1.7976931348623157e+308,
    "{\"p0\": \"4\", \"p1\": \"cores\", \"p2\": \"#pragma unroll(3)\", \"p3\": \"#pragma omp parallel for\", \"p4\": \" \", \"p5\": \"close\", \"p6\": \"static\"}": 1.7976931348623157e+308,
    "{\"p0\": \"4\", \"p1\": \"cores\", \"p2\": \"#pragma unroll(3)\", \"p3\": \"#pragma omp parallel for\", \"p4\": \" \", \"p5\": \"master\", \"p6\": \"dynamic\"}": 1.7976931348623157e+308,
    "{\"p0\": \"4\", \"p1\": \"cores\", \"p2\": \"#pragma unroll(3)\", \"p3\": \"#pragma omp parallel for\", \"p4\": \" \", \"p5\": \"master\", \"p6\": \"static\"}": 1.7976931348623157e+308,
    "{\"p0\": \"4\", \"p1\": \"cores\", \"p2\": \"#pragma unroll(3)\", \"p3\": \"#pragma omp parallel for\", \"p4\": \" \", \"p5\": \"spread\", \"p6\": \"dynamic\"}": 5192.241,
    "{\"p0\": \"4\", \"p1\": \"cores\", \"p2\": \"#pragma unroll(3)\", \"p3\": \"#pragma omp parallel for\", \"p4\": \" \", \"p5\": \"spread\", \"p6\": \"static\"}": 1.7976931348623157e+308,
    "{\"p0\": \"4\", \"p1\": \"cores\", \"p2\": \"#pragma unroll(3)\", \"p3\": \"#pragma omp parallel for\", \"p4\": \"#pragma unroll(6)\", \"p5\": \"close\", \"p6\": \"dynamic\"}": 1.7976931348623157e+308,
    "{\"p0\": \"4\", \"p1\": \"cores\", \"p2\": \"#pragma unroll(3)\", \"p3\": \"#pragma omp parallel for\", \"p4\": \"#pragma unroll(6)\", \"p5\": \"master\", \"p6\": \"dynamic\"}": 1.7976931348623157e+308,
    "{\"p0\": \"4\", \"p1\": \"cores\", \"p2\": \"#pragma unroll(3)\", \"p3\": \"#pragma omp parallel for\", \"p4\": \"#pragma unroll(6)\", \"p5\": \"spread\", \"p6\": \"dynamic\"}": 1.7976931348623157e+308,
    "{\"p0\": \"4\", \"p1\": \"cores\", \"p2\": \"#pragma unroll(3)\", \"p3\": \"#pragma omp parallel for\", \"p4\": \"#pragma unroll(6)\", \"p5\": \"spread\", \"p6\": \"static\"}": 1.7976931348623157e+308,
    "{\"p0\": \"4\", \"p1\": \"sockets\", \"p2\": \" \", \"p3\": \"#pragma omp parallel for\", \"p4\": \" \", \"p5\": \"spread\", \"p6\": \"dynamic\"}": 1.7976931348623157e+308,
    "{\"p0\": \"4\", \"p1\": \"sockets\", \"p2\": \" \", \"p3\": \"#pragma omp parallel for\", \"p4\": \"#pragma unroll(6)\", \"p5\": \"spread\", \"p6\": \"dynamic\"}": 1.7976931348623157e+308,
    "{\"p0\": \"4\", \"p1\": \"sockets\", \"p2\": \"#pragma unroll(3)\", \"p3\": \" \", \"p4\": \" \", \"p5\": \"spread\", \"p6\": \"dynamic\"}": 1.7976931348623157e+308,
    "{\"p0\": \"4\", \"p1\": \"sockets\", \"p2\": \"#pragma unroll(3)\", \"p3\": \" \", \"p4\": \"#pragma unroll(6)\", \"p5\": \"spread\", \"p6\": \"dynamic\"}": 1.7976931348623157e+308,
    "{\"p0\": \"4\", \"p1\": \"sockets\", \"p2\": \"#pragma unroll(3)\", \"p3\": \"#pragma omp parallel for\", \"p4\": \" \", \"p5\": \"close\", \"p6\": \"dynamic\"}": 1.7976931348623157e+308,
    "{\"p0\": \"4\", \"p1\": \"sockets\", \"p2\": \"#pragma unroll(3)\", \"p3\": \"#pragma omp parallel for\", \"p4\": \" \", \"p5\": \"close\", \"p6\": \"static\"}": 1.7976931348623157e+308,
    "{\"p0\": \"4\", \"p1\": \"sockets\", \"p2\": \"#pragma unroll(3)\", \"p3\": \"#pragma omp parallel for\", \"p4\": \" \", \"p5\": \"spread\", \"p6\": \"dynamic\"}": 1.7976931348623157e+308,
    "{\"p0\": \"4\", \"p1\": \"sockets\", \"p2\": \"#pragma unroll(3)\", \"p3\": \"#pragma omp parallel for\", \"p4\": \" \", \"p5\": \"spread\", \"p6\": \"static\"}": 1.7976931348623157e+308,
    "{\"p0\": \"4\", \"p1\": \"sockets\", \"p2\": \"#pragma unroll(3)\", \"p3\": \"#pragma omp parallel for\", \"p4\": \"#pragma unroll(6)\", \"p5\": \"close\", \"p6\": \"dynamic\"}": 1.7976931348623157e+308,
    "{\"p0\": \"4\", \"p1\": \"sockets\", \"p2\": \"#pragma unroll(3)\", \"p3\": \"#pragma omp parallel for\", \"p4\": \"#pragma unroll(6)\", \"p5\": \"master\", \"p6\": \"dynamic\"}": 1.7976931348623157e+308,
    "{\"p0\": \"4\", \"p1\": \"sockets\", \"p2\": \"#pragma unroll(3)\", \"p3\": \"#pragma omp parallel for\", \"p4\": \"#pragma unroll(6)\", \"p5\": \"spread\", \"p6\": \"dynamic\"}": 8736.777,
    "{\"p0\": \"4\", \"p1\": \"sockets\", \"p2\": \"#pragma unroll(3)\", \"p3\": \"#pragma omp parallel for\", \"p4\": \"#pragma unroll(6)\", \"p5\": \"spread\", \"p6\": \"static\"}": 1.7976931348623157e+308,
    "{\"p0\": \"4\", \"p1\": \"threads\", \"p2\": \" \", \"p3\": \" \", \"p4\": \" \", \"p5\": \"spread\", \"p6\": \"static\"}": 1.7976931348623157e+308,
    "{\"p0\": \"4\", \"p1\": \"threads\", \"p2\": \" \", \"p3\": \" \", \"p4\": \"#pragma unroll(6)\", \"p5\": \"master\", \"p6\": \"static\"}": 1.7976931348623157e+308,
    "{\"p0\": \"4\", \"p1\": \"threads\", \"p2\": \" \", \"p3\": \" \", \"p4\": \"#pragma unroll(6)\", \"p5\": \"spread\", \"p6\": \"static\"}": 1.7976931348623157e+308,
    "{\"p0\": \"4\", \"p1\": \"threads\", \"p2\": \" \", \"p3\": \"#pragma omp parallel for\", \"p4\": \" \", \"p5\": \"master\", \"p6\": \"dynamic\"}": 1.7976931348623157e+308,
    "{\"p0\": \"4\", \"p1\": \"threads\", \"p2\": \" \", \"p3\": \"#pragma omp parallel for\", \"p4\": \" \", \"p5\": \"spread\", \"p6\": \"dynamic\"}": 1.7976931348623157e+308,
    "{\"p0\": \"4\", \"p1\": \"threads\", \"p2\": \"#pragma unroll(3)\", \"p3\": \" \", \"p4\": \" \", \"p5\": \"spread\", \"p6\": \"dynamic\"}": 1.7976931348623157e+308,
    "{\"p0\": \"4\", \"p1\": \"threads\", \"p2\": \"#pragma unroll(3)\", \"p3\": \"#pragma omp parallel for\", \"p4\": \" \", \"p5\": \"spread\", \"p6\": \"dynamic\"}": 1.7976931348623157e+308,
    "{\"p0\": \"4\", \"p1\": \"threads\", \"p2\": \"#pragma unroll(3)\", \"p3\": \"#pragma omp parallel for\", \"p4\": \" \", \"p5\": \"spread\", \"p6\": \"static\"}": 1.7976931348623157e+308,
    "{\"p0\": \"4\", \"p1\": \"threads\", \"p2\": \"#pragma unroll(3)\", \"p3\": \"#pragma omp parallel for\", \"p4\": \"#pragma unroll(6)\", \"p5\": \"spread\", \"p6\": \"dynamic\"}": 1.7976931348623157e+308,
    "{\"p0\": \"48\", \"p1\": \"cores\", \"p2\": \" \", \"p3\": \" \", \"p4\": \" \", \"p5\": \"master\", \"p6\": \"dynamic\"}": 1.7976931348623157e+308,
    "{\"p0\": \"48\", \"p1\": \"cores\", \"p2\": \" \", \"p3\": \"#pragma omp parallel for\", \"p4\": \" \", \"p5\": \"master\", \"p6\": \"dynamic\"}": 1.7976931348623157e+308,
    "{\"p0\": \"48\", \"p1\": \"cores\", \"p2\": \" \", \"p3\": \"#pragma omp parallel for\", \"p4\": \" \", \"p5\": \"master\", \"p6\": \"static\"}": 1.7976931348623157e+308,
    "{\"p0\": \"48\", \"p1\": \"cores\", \"p2\": \" \", \"p3\": \"#pragma omp parallel for\", \"p4\": \" \", \"p5\": \"spread\", \"p6\": \"dynamic\"}": 1.7976931348623157e+308,
    "{\"p0\": \"48\", \"p1\": \"cores\", \"p2\": \" \", \"p3\": \"#pragma omp parallel for\", \"p4\": \"#pragma unroll(6)\", \"p5\": \"master\", \"p6\": \"dynamic\"}": 1.7976931348623157e+308,
    "{\"p0\": \"48\", \"p1\": \"cores\", \"p2\": \"#pragma unroll(3)\", \"p3\": \"#pragma omp parallel for\", \"p4\": \" \", \"p5\": \"master\", \"p6\": \"dynamic\"}": 1.7976931348623157e+308,
    "{\"p0\": \"48\", \"p1\": \"cores\", \"p2\": \"#pragma unroll(3)\", \"p3\": \"#pragma omp parallel for\", \"p4\": \" \", \"p5\": \"spread\", \"p6\": \"dynamic\"}": 1.7976931348623157e+308,
    "{\"p0\": \"48\", \"p1\": \"cores\", \"p2\": \"#pragma unroll(3)\", \"p3\": \"#pragma omp parallel for\", \"p4\": \" \", \"p5\": \"spread\", \"p6\": \"static\"}": 1.7976931348623157e+308,
    "{\"p0\": \"48\", \"p1\": \"cores\", \"p2\": \"#pragma unroll(3)\", \"p3\": \"#pragma omp parallel for\", \"p4\": \"#pragma unroll(6)\", \"p5\": \"spread\", \"p6\": \"static\"}": 1.7976931348623157e+308,
    "{\"p0\": \"48\", \"p1\": \"sockets\", \"p2\": \" \", \"p3\": \" \", \"p4\": \" \", \"p5\": \"spread\", \"p6\": \"static\"}": 1.7976931348623157e+308,
    "{\"p0\": \"48\", \"p1\": \"sockets\", \"p2\": \" \", \"p3\": \" \", \"p4\": \"#pragma unroll(6)\", \"p5\": \"spread\", \"p6\": \"static\"}": 1.7976931348623157e+308,
    "{\"p0\": \"48\", \"p1\": \"sockets\", \"p2\": \" \", \"p3\": \"#pragma omp parallel for\", \"p4\": \" \", \"p5\": \"close\", \"p6\": \"static\"}": 1.7976931348623157e+308,
    "{\"p0\": \"48\", \"p1\": \"sockets\", \"p2\": \" \", \"p3\": \"#pragma omp parallel for\", \"p4\": \" \", \"p5\": \"master\", \"p6\": \"dynamic\"}": 1.7976931348623157e+308,
    "{\"p0\": \"48\", \"p1\": \"sockets\", \"p2\": \" \", \"p3\": \"#pragma omp parallel for\", \"p4\": \" \", \"p5\": \"master\", \"p6\": \"static\"}": 1.7976931348623157e+308,
    "{\"p0\": \"48\", \"p1\": \"sockets\", \"p2\": \" \", \"p3\": \"#pragma omp parallel for\", \"p4\": \" \", \"p5\": \"spread\", \"p6\": \"dynamic\"}": 1.7976931348623157e+308,
    "{\"p0\": \"48\", \"p1\": \"sockets\", \"p2\": \" \", \"p3\": \"#pragma omp parallel for\", \"p4\": \" \", \"p5\": \"spread\", \"p6\": \"static\"}": 1.7976931348623157e+308,
    "{\"p0\": \"48\", \"p1\": \"sockets\", \"p2\": \" \", \"p3\": \"#pragma omp parallel for\", \"p4\": \"#pragma unroll(6)\", \"p5\": \"master\", \"p6\": \"dynamic\"}": 1.7976931348623157e+308,
    "{\"p0\": \"48\", \"p1\": \"sockets\", \"p2\": \" \", \"p3\": \"#pragma omp parallel for\", \"p4\": \"#pragma unroll(6)\", \"p5\": \"spread\", \"p6\": \"static\"}": 1.7976931348623157e+308,
    "{\"p0\": \"48\", \"p1\": \"sockets\", \"p2\": \"#pragma unroll(3)\", \"p3\": \" \", \"p4\": \" \", \"p5\": \"close\", \"p6\": \"static\"}": 1.7976931348623157e+308,
    "{\"p0\": \"48\", \"p1\": \"sockets\", \"p2\": \"#pragma unroll(3)\", \"p3\": \" \", \"p4\": \" \", \"p5\": \"spread\", \"p6\": \"dynamic\"}": 1.7976931348623157e+308,
    "{\"p0\": \"48\", \"p1\": \"sockets\", \"p2\": \"#pragma unroll(3)\", \"p3\": \" \", \"p4\": \" \", \"p5\": \"spread\", \"p6\": \"static\"}": 1.7976931348623157e+308,
    "{\"p0\": \"48\", \"p1\": \"sockets\", \"p2\": \"#pragma unroll(3)\", \"p3\": \" \", \"p4\": \"#pragma unroll(6)\", \"p5\": \"spread\", \"p6\": \"static\"}": 1.7976931348623157e+308,
    "{\"p0\": \"48\", \"p1\": \"sockets\", \"p2\": \"#pragma unroll(3)\", \"p3\": \"#pragma omp parallel for\", \"p4\": \" \", \"p5\": \"close\", \"p6\": \"dynamic\"}": 1.7976931348623157e+308,
    "{\"p0\": \"48\", \"p1\": \"sockets\", \"p2\": \"#pragma unroll(3)\", \"p3\": \"#pragma omp parallel for\", \"p4\": \" \", \"p5\": \"close\", \"p6\": \"static\"}": 1.7976931348623157e+308,
    "{\"p0\": \"48\", \"p1\": \"sockets\", \"p2\": \"#pragma unroll(3)\", \"p3\": \"#pragma omp parallel for\", \"p4\": \" \", \"p5\": \"master\", \"p6\": \"dynamic\"}": 1.7976931348623157e+308,
    "{\"p0\": \"48\", \"p1\": \"sockets\", \"p2\": \"#pragma unroll(3)\", \"p3\": \"#pragma omp parallel for\", \"p4\": \" \", \"p5\": \"master\", \"p6\": \"static\"}": 1.7976931348623157e+308,
    "{\"p0\": \"48\", \"p1\": \"sockets\", \"p2\": \"#pragma unroll(3)\", \"p3\": \"#pragma omp parallel for\", \"p4\": \" \", \"p5\": \"spread\", \"p6\": \"dynamic\"}": 1.7976931348623157e+308,
    "{\"p0\": \"48\", \"p1\": \"sockets\", \"p2\": \"#pragma unroll(3)\", \"p3\": \"#pragma omp parallel for\", \"p4\": \" \", \"p5\": \"spread\", \"p6\": \"static\"}": 4943.444,
    "{\"p0\": \"48\", \"p1\": \"sockets\", \"p2\": \"#pragma unroll(3)\", \"p3\": \"#pragma omp parallel for\", \"p4\": \"#pragma unroll(6)\", \"p5\": \"master\", \"p6\": \"static\"}": 1.7976931348623157e+308,
    "{\"p0\": \"48\", \"p1\": \"sockets\", \"p2\": \"#pragma unroll(3)\", \"p3\": \"#pragma omp parallel for\", \"p4\": \"#pragma unroll(6)\", \"p5\": \"spread\", \"p6\": \"dynamic\"}": 1.7976931348623157e+308,
    "{\"p0\": \"48\", \"p1\": \"sockets\", \"p2\": \"#pragma unroll(3)\", \"p3\": \"#pragma omp parallel for\", \"p4\": \"#pragma unroll(6)\", \"p5\": \"spread\", \"p6\": \"static\"}": 1.7976931348623157e+308,
    "{\"p0\": \"48\", \"p1\": \"threads\", \"p2\": \" \", \"p3\": \" \", \"p4\": \" \", \"p5\": \"master\", \"p6\": \"dynamic\"}": 1.7976931348623157e+308,
    "{\"p0\": \"48\", \"p1\": \"threads\", \"p2\": \" \", \"p3\": \" \", \"p4\": \" \", \"p5\": \"master\", \"p6\": \"static\"}": 1.7976931348623157e+308,
    "{\"p0\": \"48\", \"p1\": \"threads\", \"p2\": \" \", \"p3\": \" \", \"p4\": \" \", \"p5\": \"spread\", \"p6\": \"dynamic\"}": 1.7976931348623157e+308,
    "{\"p0\": \"48\", \"p1\": \"threads\", \"p2\": \" \", \"p3\": \" \", \"p4\": \"#pragma unroll(6)\", \"p5\": \"master\", \"p6\": \"dynamic\"}": 1.7976931348623157e+308,
    "{\"p0\": \"48\", \"p1\": \"threads\", \"p2\": \" \", \"p3\": \"#pragma omp parallel for\", \"p4\": \" \", \"p5\": \"close\", \"p6\": \"dynamic\"}": 1.7976931348623157e+308,
    "{\"p0\": \"48\", \"p1\": \"threads\", \"p2\": \" \", \"p3\": \"#pragma omp parallel for\", \"p4\": \" \", \"p5\": \"close\", \"p6\": \"static\"}": 1.7976931348623157e+308,
    "{\"p0\": \"48\", \"p1\": \"threads\", \"p2\": \" \", \"p3\": \"#pragma omp parallel for\", \"p4\": \" \", \"p5\": \"master\", \"p6\": \"dynamic\"}": 4936.925,
    "{\"p0\": \"48\", \"p1\": \"threads\", \"p2\": \" \", \"p3\": \"#pragma omp parallel for\", \"p4\": \" \", \"p5\": \"master\", \"p6\": \"static\"}": 1.7976931348623157e+308,
    "{\"p0\": \"48\", \"p1\": \"threads\", \"p2\": \" \", \"p3\": \"#pragma omp parallel for\", \"p4\": \" \", \"p5\": \"spread\", \"p6\": \"dynamic\"}": 1.7976931348623157e+308,
    "{\"p0\": \"48\", \"p1\": \"threads\", \"p2\": \" \", \"p3\": \"#pragma omp parallel for\", \"p4\": \" \", \"p5\": \"spread\", \"p6\": \"static\"}": 1.7976931348623157e+308,
    "{\"p0\": \"48\", \"p1\": \"threads\", \"p2\": \" \", \"p3\": \"#pragma omp parallel for\", \"p4\": \"#pragma unroll(6)\", \"p5\": \"master\", \"p6\": \"dynamic\"}": 1.7976931348623157e+308,
    "{\"p0\": \"48\", \"p1\": \"threads\", \"p2\": \" \", \"p3\": \"#pragma omp parallel for\", \"p4\": \"#pragma unroll(6)\", \"p5\": \"master\", \"p6\": \"static\"}": 1.7976931348623157e+308,
    "{\"p0\": \"48\", \"p1\": \"threads\", \"p2\": \" \", \"p3\": \"#pragma omp parallel for\", \"p4\": \"#pragma unroll(6)\", \"p5\": \"spread\", \"p6\": \"dynamic\"}": 1.7976931348623157e+308,
    "{\"p0\": \"48\", \"p1\": \"threads\", \"p2\": \"#pragma unroll(3)\", \"p3\": \" \", \"p4\": \" \", \"p5\": \"master\", \"p6\": \"dynamic\"}": 1.7976931348623157e+308,
    "{\"p0\": \"48\", \"p1\": \"threads\", \"p2\": \"#pragma unroll(3)\", \"p3\": \"#pragma omp parallel for\", \"p4\": \" \", \"p5\": \"close\", \"p6\": \"dynamic\"}": 1.7976931348623157e+308,
    "{\"p0\": \"48\", \"p1\": \"threads\", \"p2\": \"#pragma unroll(3)\", \"p3\": \"#pragma omp parallel for\", \"p4\": \" \", \"p5\": \"master\", \"p6\": \"dynamic\"}": 1.7976931348623157e+308,
    "{\"p0\": \"48\", \"p1\": \"threads\", \"p2\": \"#pragma unroll(3)\", \"p3\": \"#pragma omp parallel for\", \"p4\": \" \", \"p5\": \"master\", \"p6\": \"static\"}": 1.7976931348623157e+308,
    "{\"p0\": \"48\", \"p1\": \"threads\", \"p2\": \"#pragma unroll(3)\", \"p3\": \"#pragma omp parallel for\", \"p4\": \" \", \"p5\": \"spread\", \"p6\": \"dynamic\"}": 1.7976931348623157e+308,
    "{\"p0\": \"48\", \"p1\": \"threads\", \"p2\": \"#pragma unroll(3)\", \"p3\": \"#pragma omp parallel for\", \"p4\": \" \", \"p5\": \"spread\", \"p6\": \"static\"}": 1.7976931348623157e+308,
    "{\"p0\": \"48\", \"p1\": \"threads\", \"p2\": \"#pragma unroll(3)\", \"p3\": \"#pragma omp parallel for\", \"p4\": \"#pragma unroll(6)\", \"p5\": \"master\", \"p6\": \"dynamic\"}": 1.7976931348623157e+308,
    "{\"p0\": \"64\", \"p1\": \"cores\", \"p2\": \"#pragma unroll(3)\", \"p3\": \" \", \"p4\": \"#pragma unroll(6)\", \"p5\": \"spread\", \"p6\": \"static\"}": 1.7976931348623157e+308,
    "{\"p0\": \"64\", \"p1\": \"sockets\", \"p2\": \" \", \"p3\": \"#pragma omp parallel for\", \"p4\": \" \", \"p5\": \"close\", \"p6\": \"dynamic\"}": 1.7976931348623157e+308,
    "{\"p0\": \"64\", \"p1\": \"sockets\", \"p2\": \" \", \"p3\": \"#pragma omp parallel for\", \"p4\": \" \", \"p5\": \"spread\", \"p6\": \"static\"}": 1.7976931348623157e+308,
    "{\"p0\": \"64\", \"p1\": \"threads\", \"p2\": \" \", \"p3\": \" \", \"p4\": \"#pragma unroll(6)\", \"p5\": \"spread\", \"p6\": \"static\"}": 1.7976931348623157e+308,
    "{\"p0\": \"8\", \"p1\": \"cores\", \"p2\": \" \", \"p3\": \" \", \"p4\": \" \", \"p5\": \"master\", \"p6\": \"static\"}": 1.7976931348623157e+308,
    "{\"p0\": \"8\", \"p1\": \"cores\", \"p2\": \" \", \"p3\": \" \", \"p4\": \" \", \"p5\": \"spread\", \"p6\": \"static\"}": 1.7976931348623157e+308,
    "{\"p0\": \"8\", \"p1\": \"cores\", \"p2\": \" \", \"p3\": \" \", \"p4\": \"#pragma unroll(6)\", \"p5\": \"spread\", \"p6\": \"dynamic\"}": 1.7976931348623157e+308,
    "{\"p0\": \"8\", \"p1\": \"cores\", \"p2\": \" \", \"p3\": \" \", \"p4\": \"#pragma unroll(6)\", \"p5\": \"spread\", \"p6\": \"static\"}": 1.7976931348623157e+308,
    "{\"p0\": \"8\", \"p1\": \"cores\", \"p2\": \" \", \"p3\": \"#pragma omp parallel for\", \"p4\": \"#pragma unroll(6)\", \"p5\": \"spread\", \"p6\": \"static\"}": 1.7976931348623157e+308,
    "{\"p0\": \"8\", \"p1\": \"cores\", \"p2\": \"#pragma unroll(3)\", \"p3\": \" \", \"p4\": \"#pragma unroll(6)\", \"p5\": \"spread\", \"p6\": \"static\"}": 1.7976931348623157e+308,
    "{\"p0\": \"8\", \"p1\": \"cores\", \"p2\": \"#pragma unroll(3)\", \"p3\": \"#pragma omp parallel for\", \"p4\": \" \", \"p5\": \"spread\", \"p6\": \"dynamic\"}": 1.7976931348623157e+308,
    "{\"p0\": \"8\", \"p1\": \"sockets\", \"p2\": \" \", \"p3\": \" \", \"p4\": \" \", \"p5\": \"spread\", \"p6\": \"static\"}": 1.7976931348623157e+308,
    "{\"p0\": \"8\", \"p1\": \"sockets\", \"p2\": \" \", \"p3\": \" \", \"p4\": \"#pragma unroll(6)\", \"p5\": \"spread\", \"p6\": \"dynamic\"}": 1.7976931348623157e+308,
    "{\"p0\": \"8\", \"p1\": \"sockets\", \"p2\": \" \", \"p3\": \" \", \"p4\": \"#pragma unroll(6)\", \"p5\": \"spread\", \"p6\": \"static\"}": 1.7976931348623157e+308,
    "{\"p0\": \"8\", \"p1\": \"sockets\", \"p2\": \"#pragma unroll(3)\", \"p3\": \" \", \"p4\": \"#pragma unroll(6)\", \"p5\": \"spread\", \"p6\": \"static\"}": 1.7976931348623157e+308,
    "{\"p0\": \"8\", \"p1\": \"sockets\", \"p2\": \"#pragma unroll(3)\", \"p3\": \"#pragma omp parallel for\", \"p4\": \" \", \"p5\": \"close\", \"p6\": \"static\"}": 1.7976931348623157e+308,
    "{\"p0\": \"8\", \"p1\": \"threads\", \"p2\": \" \", \"p3\": \" \", \"p4\": \" \", \"p5\": \"close\", \"p6\": \"static\"}": 1.7976931348623157e+308,
    "{\"p0\": \"8\", \"p1\": \"threads\", \"p2\": \" \", \"p3\": \" \", \"p4\": \" \", \"p5\": \"master\", \"p6\": \"static\"}": 1.7976931348623157e+308,
    "{\"p0\": \"8\", \"p1\": \"threads\", \"p2\": \" \", \"p3\": \" \", \"p4\": \" \", \"p5\": \"spread\", \"p6\": \"dynamic\"}": 1.7976931348623157e+308,
    "{\"p0\": \"8\", \"p1\": \"threads\", \"p2\": \" \", \"p3\": \" \", \"p4\": \" \", \"p5\": \"spread\", \"p6\": \"static\"}": 1.7976931348623157e+308,
    "{\"p0\": \"8\", \"p1\": \"threads\", \"p2\": \" \", \"p3\": \" \", \"p4\": \"#pragma unroll(6)\", \"p5\": \"close\", \"p6\": \"dynamic\"}": 1.7976931348623157e+308,
    "{\"p0\": \"8\", \"p1\": \"threads\", \"p2\": \" \", \"p3\": \" \", \"p4\": \"#pragma unroll(6)\", \"p5\": \"close\", \"p6\": \"static\"}": 1.7976931348623157e+308,
    "{\"p0\": \"8\", \"p1\": \"threads\", \"p2\": \" \", \"p3\": \" \", \"p4\": \"#pragma unroll(6)\", \"p5\": \"master\", \"p6\": \"dynamic\"}": 1.7976931348623157e+308,
    "{\"p0\": \"8\", \"p1\": \"threads\", \"p2\": \" \", \"p3\": \" \", \"p4\": \"#pragma unroll(6)\", \"p5\": \"master\", \"p6\": \"static\"}": 1.7976931348623157e+308,
    "{\"p0\": \"8\", \"p1\": \"threads\", \"p2\": \" \", \"p3\": \" \", \"p4\": \"#pragma unroll(6)\", \"p5\": \"spread\", \"p6\": \"dynamic\"}": 1.7976931348623157e+308,
    "{\"p0\": \"8\", \"p1\": \"threads\", \"p2\": \" \", \"p3\": \" \", \"p4\": \"#pragma unroll(6)\", \"p5\": \"spread\", \"p6\": \"static\"}": 4566.747,
    "{\"p0\": \"8\", \"p1\": \"threads\", \"p2\": \" \", \"p3\": \"#pragma omp parallel for\", \"p4\": \" \", \"p5\": \"master\", \"p6\": \"dynamic\"}": 1.7976931348623157e+308,
    "{\"p0\": \"8\", \"p1\": \"threads\", \"p2\": \" \", \"p3\": \"#pragma omp parallel for\", \"p4\": \" \", \"p5\": \"spread\", \"p6\": \"dynamic\"}": 1.7976931348623157e+308,
    "{\"p0\": \"8\", \"p1\": \"threads\", \"p2\": \" \", \"p3\": \"#pragma omp parallel for\", \"p4\": \" \", \"p5\": \"spread\", \"p6\": \"static\"}": 1.7976931348623157e+308,
    "{\"p0\": \"8\", \"p1\": \"threads\", \"p2\": \" \", \"p3\": \"#pragma omp parallel for\", \"p4\": \"#pragma unroll(6)\", \"p5\": \"close\", \"p6\": \"static\"}": 1.7976931348623157e+308,
    "{\"p0\": \"8\", \"p1\": \"threads\", \"p2\": \" \", \"p3\": \"#pragma omp parallel for\", \"p4\": \"#pragma unroll(6)\", \"p5\": \"master\", \"p6\": \"static\"}": 1.7976931348623157e+308,
    "{\"p0\": \"8\", \"p1\": \"threads\", \"p2\": \" \", \"p3\": \"#pragma omp parallel for\", \"p4\": \"#pragma unroll(6)\", \"p5\": \"spread\", \"p6\": \"dynamic\"}": 1.7976931348623157e+308,
    "{\"p0\": \"8\", \"p1\": \"threads\", \"p2\": \" \", \"p3\": \"#pragma omp parallel for\", \"p4\": \"#pragma unroll(6)\", \"p5\": \"spread\", \"p6\": \"static\"}": 1.7976931348623157e+308,
    "{\"p0\": \"8\", \"p1\": \"threads\", \"p2\": \"#pragma unroll(3)\", \"p3\": \" \", \"p4\": \" \", \"p5\": \"spread\", \"p6\": \"dynamic\"}": 1.7976931348623157e+308,
    "{\"p0\": \"8\", \"p1\": \"threads\", \"p2\": \"#pragma unroll(3)\", \"p3\": \" \", \"p4\": \" \", \"p5\": \"spread\", \"p6\": \"static\"}": 1.7976931348623157e+308,
    "{\"p0\": \"8\", \"p1\": \"threads\", \"p2\": \"#pragma unroll(3)\", \"p3\": \" \", \"p4\": \"#pragma unroll(6)\", \"p5\": \"close\", \"p6\": \"static\"}": 1.7976931348623157e+308,
    "{\"p0\": \"8\", \"p1\": \"threads\", \"p2\": \"#pragma unroll(3)\", \"p3\": \" \", \"p4\": \"#pragma unroll(6)\", \"p5\": \"master\", \"p6\": \"static\"}": 1.7976931348623157e+308,
    "{\"p0\": \"8\", \"p1\": \"threads\", \"p2\": \"#pragma unroll(3)\", \"p3\": \" \", \"p4\": \"#pragma unroll(6)\", \"p5\": \"spread\", \"p6\": \"dynamic\"}": 1.7976931348623157e+308,
    "{\"p0\": \"8\", \"p1\": \"threads\", \"p2\": \"#pragma unroll(3)\", \"p3\": \" \", \"p4\": \"#pragma unroll(6)\", \"p5\": \"spread\", \"p6\": \"static\"}": 1.7976931348623157e+308,
    "{\"p0\": \"8\", \"p1\": \"threads\", \"p2\": \"#pragma unroll(3)\", \"p3\": \"#pragma omp parallel for\", \"p4\": \"#pragma unroll(6)\", \"p5\": \"spread\", \"p6\": \"static\"}": 1.7976931348623157e+308,
    "{\"p0\": \"96\", \"p1\": \"cores\", \"p2\": \" \", \"p3\": \"#pragma omp parallel for\", \"p4\": \" \", \"p5\": \"master\", \"p6\": \"dynamic\"}": 1.7976931348623157e+308,
    "{\"p0\": \"96\", \"p1\": \"threads\", \"p2\": \" \", \"p3\": \" \", \"p4\": \"#pragma unroll(6)\", \"p5\": \"master\", \"p6\": \"static\"}": 1.7976931348623157e+308,
    "{\"p0\": \"96\", \"p1\": \"threads\", \"p2\": \" \", \"p3\": \" \", \"p4\": \"#pragma unroll(6)\", \"p5\": \"spread\", \"p6\": \"dynamic\"}": 1.7976931348623157e+308,
    "{\"p0\": \"96\", \"p1\": \"threads\", \"p2\": \" \", \"p3\": \" \", \"p4\": \"#pragma unroll(6)\", \"p5\": \"spread\", \"p6\": \"static\"}": 1.7976931348623157e+308,
    "{\"p0\": \"96\", \"p1\": \"threads\", \"p2\": \"#pragma unroll(3)\", \"p3\": \" \", \"p4\": \"#pragma unroll(6)\", \"p5\": \"spread\", \"p6\": \"static\"}": 1.7976931348623157e+308
}