{
    "{\"p0\": \"128\", \"p1\": \"cores\", \"p2\": \"spread\", \"p3\": \"static\"}": 33.96,
    "{\"p0\": \"128\", \"p1\": \"threads\", \"p2\": \"master\", \"p3\": \"dynamic\"}": 34.206,
    "{\"p0\": \"16\", \"p1\": \"cores\", \"p2\": \"spread\", \"p3\": \"dynamic\"}": 34.747,
    "{\"p0\": \"16\", \"p1\": \"cores\", \"p2\": \"spread\", \"p3\": \"static\"}": 34.648,
    "{\"p0\": \"16\", \"p1\": \"threads\", \"p2\": \"master\", \"p3\": \"dynamic\"}": 34.771,
    "{\"p0\": \"192\", \"p1\": \"cores\", \"p2\": \"spread\", \"p3\": \"static\"}": 35.194,
    "{\"p0\": \"192\", \"p1\": \"threads\", \"p2\": \"master\", \"p3\": \"dynamic\"}": 34.361,
    "{\"p0\": \"192\", \"p1\": \"threads\", \"p2\": \"spread\", \"p3\": \"dynamic\"}": 35.272,
    "{\"p0\": \"2\", \"p1\": \"cores\", \"p2\": \"spread\", \"p3\": \"static\"}": 35.997,
    "{\"p0\": \"2\", \"p1\": \"sockets\", \"p2\": \"close\", \"p3\": \"static\"}": 36.169,
    "{\"p0\": \"2\", \"p1\": \"threads\", \"p2\": \"master\", \"p3\": \"dynamic\"}": 36.351,
    "{\"p0\": \"2\", \"p1\": \"threads\", \"p2\": \"master\", \"p3\": \"static\"}": 35.485,
    "{\"p0\": \"256\", \"p1\": \"cores\", \"p2\": \"spread\", \"p3\": \"static\"}": 35.642,
    "{\"p0\": \"256\", \"p1\": \"threads\", \"p2\": \"master\", \"p3\": \"dynamic\"}": 35.446,
    "{\"p0\": \"32\", \"p1\": \"cores\", \"p2\": \"spread\", \"p3\": \"static\"}": 34.28,
    "{\"p0\": \"32\", \"p1\": \"threads\", \"p2\": \"master\", \"p3\": \"dynamic\"}": 34.05,
    "{\"p0\": \"4\", \"p1\": \"cores\", \"p2\": \"master\", \"p3\": \"dynamic\"}": 36.353,
    "{\"p0\": \"4\", \"p1\": \"cores\", \"p2\": \"spread\", \"p3\": \"static\"}": 35.261,
    "{\"p0\": \"4\", \"p1\": \"threads\", \"p2\": \"master\", \"p3\": \"dynamic\"}": 35.249,
    "{\"p0\": \"48\", \"p1\": \"cores\", \"p2\": \"close\", \"p3\": \"dynamic\"}": 35.357,
    "{\"p0\": \"48\", \"p1\": \"cores\", \"p2\": \"master\", \"p3\": \"dynamic\"}": 35.036,
    "{\"p0\": \"48\", \"p1\": \"cores\", \"p2\": \"spread\", \"p3\": \"dynamic\"}": 33.936,
    "{\"p0\": \"48\", \"p1\": \"cores\", \"p2\": \"spread\", \"p3\": \"static\"}": 34.651,
    "{\"p0\": \"48\", \"p1\": \"sockets\", \"p2\": \"master\", \"p3\": \"dynamic\"}": 34.787,
    "{\"p0\": \"48\", \"p1\": \"sockets\", \"p2\": \"spread\", \"p3\": \"dynamic\"}": 34.495,
    "{\"p0\": \"48\", \"p1\": \"sockets\", \"p2\": \"spread\", \"p3\": \"static\"}": 34.081,
    "{\"p0\": \"48\", \"p1\": \"threads\", \"p2\": \"close\", \"p3\": \"dynamic\"}": 34.104,
    "{\"p0\": \"48\", \"p1\": \"threads\", \"p2\": \"close\", \"p3\": \"static\"}": 35.989,
    "{\"p0\": \"48\", \"p1\": \"threads\", \"p2\": \"master\", \"p3\": \"dynamic\"}": 34.194,
    "{\"p0\": \"48\", \"p1\": \"threads\", \"p2\": \"master\", \"p3\": \"static\"}": 35.169,
    "{\"p0\": \"48\", \"p1\": \"threads\", \"p2\": \"spread\", \"p3\": \"dynamic\"}": 34.158,
    "{\"p0\": \"48\", \"p1\": \"threads\", \"p2\": \"spread\", \"p3\": \"static\"}": 34.518,
    "{\"p0\": \"64\", \"p1\": \"cores\", \"p2\": \"master\", \"p3\": \"dynamic\"}": 34.882,
    "{\"p0\": \"64\", \"p1\": \"cores\", \"p2\": \"spread\", \"p3\": \"dynamic\"}": 34.512,
    "{\"p0\": \"64\", \"p1\": \"cores\", \"p2\": \"spread\", \"p3\": \"static\"}": 34.137,
    "{\"p0\": \"64\", \"p1\": \"sockets\", \"p2\": \"master\", \"p3\": \"dynamic\"}": 34.795,
    "{\"p0\": \"64\", \"p1\": \"sockets\", \"p2\": \"master\", \"p3\": \"static\"}": 35.882,
    "{\"p0\": \"64\", \"p1\": \"sockets\", \"p2\": \"spread\", \"p3\": \"static\"}": 34.522,
    "{\"p0\": \"64\", \"p1\": \"threads\", \"p2\": \"close\", \"p3\": \"dynamic\"}": 34.678,
    "{\"p0\": \"64\", \"p1\": \"threads\", \"p2\": \"master\", \"p3\": \"dynamic\"}": 33.969,
    "{\"p0\": \"64\", \"p1\": \"threads\", \"p2\": \"master\", \"p3\": \"static\"}": 34.578,
    "{\"p0\": \"64\", \"p1\": \"threads\", \"p2\": \"spread\", \"p3\": \"dynamic\"}": 34.437,
    "{\"p0\": \"64\", \"p1\": \"threads\", \"p2\": \"spread\", \"p3\": \"static\"}": 34.763,
    "{\"p0\": \"8\", \"p1\": \"cores\", \"p2\": \"spread\", \"p3\": \"static\"}": 34.748,
    "{\"p0\": \"8\", \"p1\": \"threads\", \"p2\": \"close\", \"p3\": \"dynamic\"}": 35.47,
    "{\"p0\": \"8\", \"p1\": \"threads\", \"p2\": \"master\", \"p3\": \"dynamic\"}": 34.888,
    "{\"p0\": \"8\", \"p1\": \"threads\", \"p2\": \"master\", \"p3\": \"static\"}": 34.794,
    "{\"p0\": \"96\", \"p1\": \"cores\", \"p2\": \"spread\", \"p3\": \"dynamic\"}": 34.658,
    "{\"p0\": \"96\", \"p1\": \"cores\", \"p2\": \"spread\", \"p3\": \"static\"}": 34.363,
    "{\"p0\": \"96\", \"p1\": \"sockets\", \"p2\": \"close\", \"p3\": \"dynamic\"}": 35.721,
    "{\"p0\": \"96\", \"p1\": \"sockets\", \"p2\": \"master\", \"p3\": \"dynamic\"}": 34.997,
    "{\"p0\": \"96\", \"p1\": \"threads\", \"p2\": \"master\", \"p3\": \"dynamic\"}": 34.285,
    "{\"p0\": \"96\", \"p1\": \"threads\", \"p2\": \"master\", \"p3\": \"static\"}": 34.298,
    "{\"p0\": \"96\", \"p1\": \"threads\", \"p2\": \"spread\", \"p3\": \"dynamic\"}": 34.714
}