{
    "{\"p0\": \"16\", \"p1\": \"50\", \"p2\": \" \", \"p3\": \"cores\", \"p4\": \"master\", \"p5\": \"static\"}": 4157.606,
    "{\"p0\": \"32\", \"p1\": \"64\", \"p2\": \"#pragma omp parallel for\", \"p3\": \"cores\", \"p4\": \"close\", \"p5\": \"dynamic\"}": 2797.911,
    "{\"p0\": \"32\", \"p1\": \"80\", \"p2\": \"#pragma omp parallel for\", \"p3\": \"sockets\", \"p4\": \"master\", \"p5\": \"dynamic\"}": 2770.152,
    "{\"p0\": \"64\", \"p1\": \"100\", \"p2\": \" \", \"p3\": \"sockets\", \"p4\": \"close\", \"p5\": \"dynamic\"}": 2504.58,
    "{\"p0\": \"64\", \"p1\": \"128\", \"p2\": \"#pragma omp parallel for\", \"p3\": \"sockets\", \"p4\": \"master\", \"p5\": \"static\"}": 2318.961,
    "{\"p0\": \"64\", \"p1\": \"160\", \"p2\": \"#pragma omp parallel for\", \"p3\": \"threads\", \"p4\": \"master\", \"p5\": \"dynamic\"}": 2305.322,
    "{\"p0\": \"64\", \"p1\": \"20\", \"p2\": \" \", \"p3\": \"sockets\", \"p4\": \"master\", \"p5\": \"dynamic\"}": 2484.281,
    "{\"p0\": \"64\", \"p1\": \"256\", \"p2\": \"#pragma omp parallel for\", \"p3\": \"sockets\", \"p4\": \"spread\", \"p5\": \"static\"}": 2284.093,
    "{\"p0\": \"64\", \"p1\": \"400\", \"p2\": \"#pragma omp parallel for\", \"p3\": \"sockets\", \"p4\": \"close\", \"p5\": \"dynamic\"}": 2295.126,
    "{\"p0\": \"64\", \"p1\": \"50\", \"p2\": \"#pragma omp parallel for\", \"p3\": \"sockets\", \"p4\": \"spread\", \"p5\": \"dynamic\"}": 2280.806,
    "{\"p0\": \"8\", \"p1\": \"200\", \"p2\": \"#pragma omp parallel for\", \"p3\": \"cores\", \"p4\": \"master\", \"p5\": \"static\"}": 6511.619,
    "{\"p0\": \"96\", \"p1\": \"400\", \"p2\": \" \", \"p3\": \"sockets\", \"p4\": \"spread\", \"p5\": \"dynamic\"}": 2397.296
}