{
    "{\"p0\": \"16\", \"p1\": \"160\", \"p2\": \"#pragma omp parallel for\", \"p3\": \"sockets\", \"p4\": \"close\", \"p5\": \"static\"}": 26.017,
    "{\"p0\": \"192\", \"p1\": \"10\", \"p2\": \"#pragma omp parallel for\", \"p3\": \"sockets\", \"p4\": \"master\", \"p5\": \"dynamic\"}": 8.022,
    "{\"p0\": \"192\", \"p1\": \"10\", \"p2\": \"#pragma omp parallel for\", \"p3\": \"sockets\", \"p4\": \"master\", \"p5\": \"static\"}": 8.029,
    "{\"p0\": \"192\", \"p1\": \"10\", \"p2\": \"#pragma omp parallel for\", \"p3\": \"sockets\", \"p4\": \"spread\", \"p5\": \"static\"}": 8.037,
    "{\"p0\": \"192\", \"p1\": \"100\", \"p2\": \"#pragma omp parallel for\", \"p3\": \"sockets\", \"p4\": \"master\", \"p5\": \"dynamic\"}": 7.992,
    "{\"p0\": \"192\", \"p1\": \"100\", \"p2\": \"#pragma omp parallel for\", \"p3\": \"sockets\", \"p4\": \"master\", \"p5\": \"static\"}": 8.047,
    "{\"p0\": \"192\", \"p1\": \"100\", \"p2\": \"#pragma omp parallel for\", \"p3\": \"sockets\", \"p4\": \"spread\", \"p5\": \"dynamic\"}": 7.991,
    "{\"p0\": \"192\", \"p1\": \"100\", \"p2\": \"#pragma omp parallel for\", \"p3\": \"sockets\", \"p4\": \"spread\", \"p5\": \"static\"}": 7.974,
    "{\"p0\": \"192\", \"p1\": \"128\", \"p2\": \"#pragma omp parallel for\", \"p3\": \"sockets\", \"p4\": \"close\", \"p5\": \"static\"}": 8.004,
    "{\"p0\": \"192\", \"p1\": \"128\", \"p2\": \"#pragma omp parallel for\", \"p3\": \"sockets\", \"p4\": \"master\", \"p5\": \"static\"}": 8.047,
    "{\"p0\": \"192\", \"p1\": \"128\", \"p2\": \"#pragma omp parallel for\", \"p3\": \"sockets\", \"p4\": \"spread\", \"p5\": \"static\"}": 8.047,
    "{\"p0\": \"192\", \"p1\": \"160\", \"p2\": \"#pragma omp parallel for\", \"p3\": \"sockets\", \"p4\": \"master\", \"p5\": \"static\"}": 8.023,
    "{\"p0\": \"192\", \"p1\": \"160\", \"p2\": \"#pragma omp parallel for\", \"p3\": \"sockets\", \"p4\": \"spread\", \"p5\": \"static\"}": 8.025,
    "{\"p0\": \"192\", \"p1\": \"20\", \"p2\": \"#pragma omp parallel for\", \"p3\": \"sockets\", \"p4\": \"master\", \"p5\": \"dynamic\"}": 8.009,
    "{\"p0\": \"192\", \"p1\": \"20\", \"p2\": \"#pragma omp parallel for\", \"p3\": \"sockets\", \"p4\": \"master\", \"p5\": \"static\"}": 8.048,
    "{\"p0\": \"192\", \"p1\": \"20\", \"p2\": \"#pragma omp parallel for\", \"p3\": \"sockets\", \"p4\": \"spread\", \"p5\": \"static\"}": 8.021,
    "{\"p0\": \"192\", \"p1\": \"200\", \"p2\": \"#pragma omp parallel for\", \"p3\": \"sockets\", \"p4\": \"close\", \"p5\": \"static\"}": 8.054,
    "{\"p0\": \"192\", \"p1\": \"200\", \"p2\": \"#pragma omp parallel for\", \"p3\": \"sockets\", \"p4\": \"master\", \"p5\": \"dynamic\"}": 8.041,
    "{\"p0\": \"192\", \"p1\": \"200\", \"p2\": \"#pragma omp parallel for\", \"p3\": \"sockets\", \"p4\": \"master\", \"p5\": \"static\"}": 8.024,
    "{\"p0\": \"192\", \"p1\": \"200\", \"p2\": \"#pragma omp parallel for\", \"p3\": \"sockets\", \"p4\": \"spread\", \"p5\": \"static\"}": 7.987,
    "{\"p0\": \"192\", \"p1\": \"256\", \"p2\": \"#pragma omp parallel for\", \"p3\": \"sockets\", \"p4\": \"close\", \"p5\": \"dynamic\"}": 8.045,
    "{\"p0\": \"192\", \"p1\": \"256\", \"p2\": \"#pragma omp parallel for\", \"p3\": \"sockets\", \"p4\": \"master\", \"p5\": \"dynamic\"}": 7.995,
    "{\"p0\": \"192\", \"p1\": \"256\", \"p2\": \"#pragma omp parallel for\", \"p3\": \"sockets\", \"p4\": \"master\", \"p5\": \"static\"}": 8.089,
    "{\"p0\": \"192\", \"p1\": \"256\", \"p2\": \"#pragma omp parallel for\", \"p3\": \"sockets\", \"p4\": \"spread\", \"p5\": \"dynamic\"}": 7.992,
    "{\"p0\": \"192\", \"p1\": \"256\", \"p2\": \"#pragma omp parallel for\", \"p3\": \"sockets\", \"p4\": \"spread\", \"p5\": \"static\"}": 8.011,
    "{\"p0\": \"192\", \"p1\": \"40\", \"p2\": \"#pragma omp parallel for\", \"p3\": \"sockets\", \"p4\": \"master\", \"p5\": \"dynamic\"}": 8.037,
    "{\"p0\": \"192\", \"p1\": \"40\", \"p2\": \"#pragma omp parallel for\", \"p3\": \"sockets\", \"p4\": \"master\", \"p5\": \"static\"}": 8.029,
    "{\"p0\": \"192\", \"p1\": \"40\", \"p2\": \"#pragma omp parallel for\", \"p3\": \"sockets\", \"p4\": \"spread\", \"p5\": \"dynamic\"}": 8.035,
    "{\"p0\": \"192\", \"p1\": \"40\", \"p2\": \"#pragma omp parallel for\", \"p3\": \"sockets\", \"p4\": \"spread\", \"p5\": \"static\"}": 8.03,
    "{\"p0\": \"192\", \"p1\": \"40\", \"p2\": \"#pragma omp parallel for\", \"p3\": \"threads\", \"p4\": \"close\", \"p5\": \"static\"}": 8.007,
    "{\"p0\": \"192\", \"p1\": \"400\", \"p2\": \"#pragma omp parallel for\", \"p3\": \"sockets\", \"p4\": \"master\", \"p5\": \"dynamic\"}": 8.019,
    "{\"p0\": \"192\", \"p1\": \"400\", \"p2\": \"#pragma omp parallel for\", \"p3\": \"sockets\", \"p4\": \"master\", \"p5\": \"static\"}": 7.985,
    "{\"p0\": \"192\", \"p1\": \"50\", \"p2\": \"#pragma omp parallel for\", \"p3\": \"sockets\", \"p4\": \"close\", \"p5\": \"static\"}": 8.04,
    "{\"p0\": \"192\", \"p1\": \"50\", \"p2\": \"#pragma omp parallel for\", \"p3\": \"sockets\", \"p4\": \"master\", \"p5\": \"static\"}": 8.03,
    "{\"p0\": \"192\", \"p1\": \"50\", \"p2\": \"#pragma omp parallel for\", \"p3\": \"sockets\", \"p4\": \"spread\", \"p5\": \"static\"}": 7.993,
    "{\"p0\": \"192\", \"p1\": \"64\", \"p2\": \" \", \"p3\": \"threads\", \"p4\": \"master\", \"p5\": \"dynamic\"}": 361.339,
    "{\"p0\": \"192\", \"p1\": \"64\", \"p2\": \"#pragma omp parallel for\", \"p3\": \"sockets\", \"p4\": \"close\", \"p5\": \"static\"}": 8.027,
    "{\"p0\": \"192\", \"p1\": \"64\", \"p2\": \"#pragma omp parallel for\", \"p3\": \"sockets\", \"p4\": \"master\", \"p5\": \"static\"}": 8.009,
    "{\"p0\": \"192\", \"p1\": \"64\", \"p2\": \"#pragma omp parallel for\", \"p3\": \"sockets\", \"p4\": \"spread\", \"p5\": \"static\"}": 8.017,
    "{\"p0\": \"192\", \"p1\": \"80\", \"p2\": \"#pragma omp parallel for\", \"p3\": \"sockets\", \"p4\": \"master\", \"p5\": \"dynamic\"}": 7.988,
    "{\"p0\": \"192\", \"p1\": \"80\", \"p2\": \"#pragma omp parallel for\", \"p3\": \"sockets\", \"p4\": \"master\", \"p5\": \"static\"}": 8.009,
    "{\"p0\": \"256\", \"p1\": \"80\", \"p2\": \"#pragma omp parallel for\", \"p3\": \"sockets\", \"p4\": \"master\", \"p5\": \"static\"}": 9.631,
    "{\"p0\": \"32\", \"p1\": \"160\", \"p2\": \" \", \"p3\": \"cores\", \"p4\": \"close\", \"p5\": \"static\"}": 10.031,
    "{\"p0\": \"64\", \"p1\": \"256\", \"p2\": \"#pragma omp parallel for\", \"p3\": \"sockets\", \"p4\": \"master\", \"p5\": \"dynamic\"}": 5.405,
    "{\"p0\": \"64\", \"p1\": \"40\", \"p2\": \" \", \"p3\": \"sockets\", \"p4\": \"master\", \"p5\": \"static\"}": 6.291,
    "{\"p0\": \"8\", \"p1\": \"128\", \"p2\": \"#pragma omp parallel for\", \"p3\": \"sockets\", \"p4\": \"spread\", \"p5\": \"static\"}": 44.645,
    "{\"p0\": \"96\", \"p1\": \"20\", \"p2\": \" \", \"p3\": \"sockets\", \"p4\": \"spread\", \"p5\": \"dynamic\"}": 9.205,
    "{\"p0\": \"96\", \"p1\": \"50\", \"p2\": \" \", \"p3\": \"cores\", \"p4\": \"master\", \"p5\": \"dynamic\"}": 252.541
}