{
    "{\"p0\": \"1\", \"p1\": \"cores\", \"p2\": \"master\", \"p3\": \"static\"}": 8.102,
    "{\"p0\": \"1\", \"p1\": \"sockets\", \"p2\": \"close\", \"p3\": \"static\"}": 8.063,
    "{\"p0\": \"1\", \"p1\": \"threads\", \"p2\": \"close\", \"p3\": \"dynamic\"}": 8.102,
    "{\"p0\": \"1\", \"p1\": \"threads\", \"p2\": \"master\", \"p3\": \"static\"}": 8.119,
    "{\"p0\": \"1\", \"p1\": \"threads\", \"p2\": \"spread\", \"p3\": \"dynamic\"}": 8.059,
    "{\"p0\": \"1\", \"p1\": \"threads\", \"p2\": \"spread\", \"p3\": \"static\"}": 8.071,
    "{\"p0\": \"10\", \"p1\": \"cores\", \"p2\": \"close\", \"p3\": \"dynamic\"}": 6.503,
    "{\"p0\": \"10\", \"p1\": \"cores\", \"p2\": \"close\", \"p3\": \"static\"}": 6.44,
    "{\"p0\": \"10\", \"p1\": \"cores\", \"p2\": \"master\", \"p3\": \"dynamic\"}": 6.477,
    "{\"p0\": \"10\", \"p1\": \"cores\", \"p2\": \"master\", \"p3\": \"static\"}": 6.497,
    "{\"p0\": \"10\", \"p1\": \"cores\", \"p2\": \"spread\", \"p3\": \"dynamic\"}": 6.478,
    "{\"p0\": \"10\", \"p1\": \"cores\", \"p2\": \"spread\", \"p3\": \"static\"}": 6.455,
    "{\"p0\": \"10\", \"p1\": \"sockets\", \"p2\": \"close\", \"p3\": \"dynamic\"}": 6.495,
    "{\"p0\": \"10\", \"p1\": \"sockets\", \"p2\": \"close\", \"p3\": \"static\"}": 6.436,
    "{\"p0\": \"10\", \"p1\": \"sockets\", \"p2\": \"master\", \"p3\": \"dynamic\"}": 6.49,
    "{\"p0\": \"10\", \"p1\": \"sockets\", \"p2\": \"master\", \"p3\": \"static\"}": 6.489,
    "{\"p0\": \"10\", \"p1\": \"sockets\", \"p2\": \"spread\", \"p3\": \"dynamic\"}": 6.488,
    "{\"p0\": \"10\", \"p1\": \"sockets\", \"p2\": \"spread\", \"p3\": \"static\"}": 6.46,
    "{\"p0\": \"10\", \"p1\": \"threads\", \"p2\": \"close\", \"p3\": \"dynamic\"}": 6.482,
    "{\"p0\": \"10\", \"p1\": \"threads\", \"p2\": \"close\", \"p3\": \"static\"}": 6.531,
    "{\"p0\": \"10\", \"p1\": \"threads\", \"p2\": \"master\", \"p3\": \"dynamic\"}": 6.791,
    "{\"p0\": \"10\", \"p1\": \"threads\", \"p2\": \"master\", \"p3\": \"static\"}": 6.494,
    "{\"p0\": \"10\", \"p1\": \"threads\", \"p2\": \"spread\", \"p3\": \"dynamic\"}": 6.52,
    "{\"p0\": \"10\", \"p1\": \"threads\", \"p2\": \"spread\", \"p3\": \"static\"}": 6.534,
    "{\"p0\": \"16\", \"p1\": \"cores\", \"p2\": \"close\", \"p3\": \"dynamic\"}": 6.337,
    "{\"p0\": \"16\", \"p1\": \"cores\", \"p2\": \"close\", \"p3\": \"static\"}": 6.392,
    "{\"p0\": \"16\", \"p1\": \"cores\", \"p2\": \"master\", \"p3\": \"dynamic\"}": 6.399,
    "{\"p0\": \"16\", \"p1\": \"cores\", \"p2\": \"master\", \"p3\": \"static\"}": 6.457,
    "{\"p0\": \"16\", \"p1\": \"cores\", \"p2\": \"spread\", \"p3\": \"dynamic\"}": 6.419,
    "{\"p0\": \"16\", \"p1\": \"cores\", \"p2\": \"spread\", \"p3\": \"static\"}": 6.375,
    "{\"p0\": \"16\", \"p1\": \"sockets\", \"p2\": \"close\", \"p3\": \"dynamic\"}": 6.413,
    "{\"p0\": \"16\", \"p1\": \"sockets\", \"p2\": \"close\", \"p3\": \"static\"}": 6.426,
    "{\"p0\": \"16\", \"p1\": \"sockets\", \"p2\": \"master\", \"p3\": \"dynamic\"}": 6.447,
    "{\"p0\": \"16\", \"p1\": \"sockets\", \"p2\": \"master\", \"p3\": \"static\"}": 6.394,
    "{\"p0\": \"16\", \"p1\": \"sockets\", \"p2\": \"spread\", \"p3\": \"dynamic\"}": 6.443,
    "{\"p0\": \"16\", \"p1\": \"sockets\", \"p2\": \"spread\", \"p3\": \"static\"}": 6.369,
    "{\"p0\": \"16\", \"p1\": \"threads\", \"p2\": \"close\", \"p3\": \"dynamic\"}": 6.398,
    "{\"p0\": \"16\", \"p1\": \"threads\", \"p2\": \"close\", \"p3\": \"static\"}": 6.414,
    "{\"p0\": \"16\", \"p1\": \"threads\", \"p2\": \"master\", \"p3\": \"dynamic\"}": 6.421,
    "{\"p0\": \"16\", \"p1\": \"threads\", \"p2\": \"master\", \"p3\": \"static\"}": 6.409,
    "{\"p0\": \"16\", \"p1\": \"threads\", \"p2\": \"spread\", \"p3\": \"dynamic\"}": 6.427,
    "{\"p0\": \"16\", \"p1\": \"threads\", \"p2\": \"spread\", \"p3\": \"static\"}": 6.397,
    "{\"p0\": \"2\", \"p1\": \"cores\", \"p2\": \"master\", \"p3\": \"static\"}": 7.219,
    "{\"p0\": \"2\", \"p1\": \"sockets\", \"p2\": \"spread\", \"p3\": \"static\"}": 7.21,
    "{\"p0\": \"2\", \"p1\": \"threads\", \"p2\": \"master\", \"p3\": \"dynamic\"}": 7.243,
    "{\"p0\": \"2\", \"p1\": \"threads\", \"p2\": \"master\", \"p3\": \"static\"}": 7.274,
    "{\"p0\": \"2\", \"p1\": \"threads\", \"p2\": \"spread\", \"p3\": \"dynamic\"}": 7.277,
    "{\"p0\": \"2\", \"p1\": \"threads\", \"p2\": \"spread\", \"p3\": \"static\"}": 7.18,
    "{\"p0\": \"21\", \"p1\": \"cores\", \"p2\": \"close\", \"p3\": \"dynamic\"}": 6.321,
    "{\"p0\": \"21\", \"p1\": \"cores\", \"p2\": \"close\", \"p3\": \"static\"}": 6.329,
    "{\"p0\": \"21\", \"p1\": \"cores\", \"p2\": \"master\", \"p3\": \"dynamic\"}": 6.334,
    "{\"p0\": \"21\", \"p1\": \"cores\", \"p2\": \"master\", \"p3\": \"static\"}": 6.335,
    "{\"p0\": \"21\", \"p1\": \"cores\", \"p2\": \"spread\", \"p3\": \"dynamic\"}": 6.724,
    "{\"p0\": \"21\", \"p1\": \"cores\", \"p2\": \"spread\", \"p3\": \"static\"}": 6.327,
    "{\"p0\": \"21\", \"p1\": \"sockets\", \"p2\": \"close\", \"p3\": \"dynamic\"}": 6.339,
    "{\"p0\": \"21\", \"p1\": \"sockets\", \"p2\": \"close\", \"p3\": \"static\"}": 6.325,
    "{\"p0\": \"21\", \"p1\": \"sockets\", \"p2\": \"master\", \"p3\": \"dynamic\"}": 6.331,
    "{\"p0\": \"21\", \"p1\": \"sockets\", \"p2\": \"master\", \"p3\": \"static\"}": 6.307,
    "{\"p0\": \"21\", \"p1\": \"sockets\", \"p2\": \"spread\", \"p3\": \"dynamic\"}": 6.329,
    "{\"p0\": \"21\", \"p1\": \"sockets\", \"p2\": \"spread\", \"p3\": \"static\"}": 6.322,
    "{\"p0\": \"21\", \"p1\": \"threads\", \"p2\": \"close\", \"p3\": \"dynamic\"}": 6.337,
    "{\"p0\": \"21\", \"p1\": \"threads\", \"p2\": \"close\", \"p3\": \"static\"}": 6.574,
    "{\"p0\": \"21\", \"p1\": \"threads\", \"p2\": \"master\", \"p3\": \"dynamic\"}": 6.364,
    "{\"p0\": \"21\", \"p1\": \"threads\", \"p2\": \"master\", \"p3\": \"static\"}": 6.325,
    "{\"p0\": \"21\", \"p1\": \"threads\", \"p2\": \"spread\", \"p3\": \"dynamic\"}": 6.33,
    "{\"p0\": \"21\", \"p1\": \"threads\", \"p2\": \"spread\", \"p3\": \"static\"}": 6.417,
    "{\"p0\": \"32\", \"p1\": \"cores\", \"p2\": \"master\", \"p3\": \"dynamic\"}": 6.879,
    "{\"p0\": \"32\", \"p1\": \"cores\", \"p2\": \"master\", \"p3\": \"static\"}": 6.868,
    "{\"p0\": \"32\", \"p1\": \"threads\", \"p2\": \"close\", \"p3\": \"dynamic\"}": 6.86,
    "{\"p0\": \"32\", \"p1\": \"threads\", \"p2\": \"close\", \"p3\": \"static\"}": 6.915,
    "{\"p0\": \"32\", \"p1\": \"threads\", \"p2\": \"master\", \"p3\": \"static\"}": 6.88,
    "{\"p0\": \"32\", \"p1\": \"threads\", \"p2\": \"spread\", \"p3\": \"dynamic\"}": 6.875,
    "{\"p0\": \"32\", \"p1\": \"threads\", \"p2\": \"spread\", \"p3\": \"static\"}": 6.918,
    "{\"p0\": \"4\", \"p1\": \"cores\", \"p2\": \"close\", \"p3\": \"dynamic\"}": 6.758,
    "{\"p0\": \"4\", \"p1\": \"cores\", \"p2\": \"close\", \"p3\": \"static\"}": 6.766,
    "{\"p0\": \"4\", \"p1\": \"sockets\", \"p2\": \"close\", \"p3\": \"dynamic\"}": 6.771,
    "{\"p0\": \"4\", \"p1\": \"sockets\", \"p2\": \"master\", \"p3\": \"static\"}": 6.82,
    "{\"p0\": \"4\", \"p1\": \"sockets\", \"p2\": \"spread\", \"p3\": \"static\"}": 6.751,
    "{\"p0\": \"4\", \"p1\": \"threads\", \"p2\": \"close\", \"p3\": \"dynamic\"}": 6.766,
    "{\"p0\": \"4\", \"p1\": \"threads\", \"p2\": \"close\", \"p3\": \"static\"}": 6.749,
    "{\"p0\": \"4\", \"p1\": \"threads\", \"p2\": \"master\", \"p3\": \"static\"}": 6.8,
    "{\"p0\": \"4\", \"p1\": \"threads\", \"p2\": \"spread\", \"p3\": \"dynamic\"}": 6.715,
    "{\"p0\": \"4\", \"p1\": \"threads\", \"p2\": \"spread\", \"p3\": \"static\"}": 6.714,
    "{\"p0\": \"42\", \"p1\": \"cores\", \"p2\": \"close\", \"p3\": \"static\"}": 7.107,
    "{\"p0\": \"42\", \"p1\": \"cores\", \"p2\": \"master\", \"p3\": \"static\"}": 7.101,
    "{\"p0\": \"42\", \"p1\": \"sockets\", \"p2\": \"spread\", \"p3\": \"dynamic\"}": 7.042,
    "{\"p0\": \"42\", \"p1\": \"sockets\", \"p2\": \"spread\", \"p3\": \"static\"}": 7.04,
    "{\"p0\": \"42\", \"p1\": \"threads\", \"p2\": \"close\", \"p3\": \"dynamic\"}": 7.115,
    "{\"p0\": \"42\", \"p1\": \"threads\", \"p2\": \"master\", \"p3\": \"static\"}": 7.071,
    "{\"p0\": \"5\", \"p1\": \"cores\", \"p2\": \"close\", \"p3\": \"dynamic\"}": 6.663,
    "{\"p0\": \"5\", \"p1\": \"cores\", \"p2\": \"close\", \"p3\": \"static\"}": 6.69,
    "{\"p0\": \"5\", \"p1\": \"cores\", \"p2\": \"spread\", \"p3\": \"dynamic\"}": 6.91,
    "{\"p0\": \"5\", \"p1\": \"cores\", \"p2\": \"spread\", \"p3\": \"static\"}": 6.678,
    "{\"p0\": \"5\", \"p1\": \"sockets\", \"p2\": \"close\", \"p3\": \"dynamic\"}": 6.694,
    "{\"p0\": \"5\", \"p1\": \"sockets\", \"p2\": \"close\", \"p3\": \"static\"}": 6.674,
    "{\"p0\": \"5\", \"p1\": \"sockets\", \"p2\": \"master\", \"p3\": \"static\"}": 6.664,
    "{\"p0\": \"5\", \"p1\": \"sockets\", \"p2\": \"spread\", \"p3\": \"static\"}": 6.676,
    "{\"p0\": \"5\", \"p1\": \"threads\", \"p2\": \"close\", \"p3\": \"dynamic\"}": 6.692,
    "{\"p0\": \"5\", \"p1\": \"threads\", \"p2\": \"close\", \"p3\": \"static\"}": 6.667,
    "{\"p0\": \"5\", \"p1\": \"threads\", \"p2\": \"master\", \"p3\": \"dynamic\"}": 6.672,
    "{\"p0\": \"5\", \"p1\": \"threads\", \"p2\": \"master\", \"p3\": \"static\"}": 6.711,
    "{\"p0\": \"5\", \"p1\": \"threads\", \"p2\": \"spread\", \"p3\": \"dynamic\"}": 6.635,
    "{\"p0\": \"5\", \"p1\": \"threads\", \"p2\": \"spread\", \"p3\": \"static\"}": 6.637,
    "{\"p0\": \"8\", \"p1\": \"cores\", \"p2\": \"close\", \"p3\": \"dynamic\"}": 6.542,
    "{\"p0\": \"8\", \"p1\": \"cores\", \"p2\": \"close\", \"p3\": \"static\"}": 6.547,
    "{\"p0\": \"8\", \"p1\": \"cores\", \"p2\": \"master\", \"p3\": \"dynamic\"}": 6.477,
    "{\"p0\": \"8\", \"p1\": \"cores\", \"p2\": \"master\", \"p3\": \"static\"}": 6.481,
    "{\"p0\": \"8\", \"p1\": \"cores\", \"p2\": \"spread\", \"p3\": \"static\"}": 6.465,
    "{\"p0\": \"8\", \"p1\": \"sockets\", \"p2\": \"close\", \"p3\": \"dynamic\"}": 6.548,
    "{\"p0\": \"8\", \"p1\": \"sockets\", \"p2\": \"close\", \"p3\": \"static\"}": 6.556,
    "{\"p0\": \"8\", \"p1\": \"sockets\", \"p2\": \"master\", \"p3\": \"dynamic\"}": 6.496,
    "{\"p0\": \"8\", \"p1\": \"sockets\", \"p2\": \"master\", \"p3\": \"static\"}": 6.511,
    "{\"p0\": \"8\", \"p1\": \"sockets\", \"p2\": \"spread\", \"p3\": \"dynamic\"}": 6.513,
    "{\"p0\": \"8\", \"p1\": \"sockets\", \"p2\": \"spread\", \"p3\": \"static\"}": 6.501,
    "{\"p0\": \"8\", \"p1\": \"threads\", \"p2\": \"close\", \"p3\": \"dynamic\"}": 6.484,
    "{\"p0\": \"8\", \"p1\": \"threads\", \"p2\": \"close\", \"p3\": \"static\"}": 6.525,
    "{\"p0\": \"8\", \"p1\": \"threads\", \"p2\": \"master\", \"p3\": \"dynamic\"}": 6.513,
    "{\"p0\": \"8\", \"p1\": \"threads\", \"p2\": \"master\", \"p3\": \"static\"}": 6.526,
    "{\"p0\": \"8\", \"p1\": \"threads\", \"p2\": \"spread\", \"p3\": \"dynamic\"}": 6.499,
    "{\"p0\": \"8\", \"p1\": \"threads\", \"p2\": \"spread\", \"p3\": \"static\"}": 6.51
}