p0,p1,p2,p3,objective,elapsed_sec
5,cores,spread,dynamic,6.91,30.79480504989624
16,sockets,spread,dynamic,6.443,45.11666798591614
16,threads,master,static,6.409,59.24232721328735
21,cores,spread,dynamic,6.724,75.25422954559326
10,threads,master,static,6.494,89.5426869392395
4,sockets,close,dynamic,6.771,103.84301495552063
10,threads,close,dynamic,6.482,118.03477954864502
32,threads,master,static,6.88,132.39091157913208
2,threads,master,static,7.274,148.3761215209961
42,threads,master,static,7.071,164.376145362854
8,threads,master,static,6.526,178.37586069107056
4,threads,master,static,6.8,192.87055373191833
1,threads,master,static,8.119,208.8045527935028
10,threads,master,dynamic,6.791,223.13782024383545
10,threads,spread,static,6.534,237.1593301296234
10,cores,master,static,6.497,251.18918704986572
5,threads,master,static,6.711,265.43856406211853
10,sockets,master,static,6.489,279.54623317718506
4,sockets,master,static,6.82,295.49319791793823
10,threads,close,static,6.531,309.905100107193
10,threads,spread,dynamic,6.52,323.95562767982483
21,threads,spread,static,6.417,338.10792899131775
16,threads,spread,static,6.397,352.08580565452576
16,threads,spread,dynamic,6.427,366.09253883361816
16,cores,master,static,6.457,380.38026309013367
16,threads,close,static,6.414,394.3625695705414
16,threads,close,dynamic,6.398,408.36262798309326
16,sockets,master,static,6.394,422.3626027107239
16,threads,master,dynamic,6.421,436.36196851730347
16,sockets,master,dynamic,6.447,450.4450902938843
16,cores,master,dynamic,6.399,464.41797399520874
10,cores,master,dynamic,6.477,478.6654374599457
1,threads,spread,static,8.071,494.617440700531
16,cores,spread,static,6.375,508.6165783405304
10,cores,spread,static,6.455,522.8237433433533
10,sockets,spread,static,6.46,536.8709051609039
2,threads,spread,static,7.18,552.8180541992188
10,cores,spread,dynamic,6.478,566.8178584575653
5,cores,spread,static,6.678,584.8180038928986
4,threads,spread,static,6.714,599.1472899913788
4,threads,spread,dynamic,6.715,615.1031863689423
5,threads,spread,static,6.637,631.1031186580658
8,sockets,spread,static,6.501,645.1852631568909
2,sockets,spread,static,7.21,661.1533122062683
16,sockets,spread,static,6.369,675.2357232570648
8,threads,spread,static,6.51,689.4161846637726
8,threads,spread,dynamic,6.499,703.5934662818909
8,threads,close,static,6.525,717.7170639038086
8,threads,close,dynamic,6.484,731.9928362369537
8,cores,spread,static,6.465,746.4947123527527
8,cores,master,static,6.481,760.4400815963745
8,threads,master,dynamic,6.513,776.4401576519012
8,cores,master,dynamic,6.477,790.5225911140442
16,cores,close,static,6.392,804.8427634239197
8,sockets,master,dynamic,6.496,819.075425863266
16,cores,spread,dynamic,6.419,833.3466317653656
5,threads,spread,dynamic,6.635,847.7491874694824
10,sockets,close,static,6.436,861.6959986686707
10,cores,close,static,6.44,875.9021437168121
16,cores,close,dynamic,6.337,890.0305128097534
21,threads,spread,dynamic,6.33,904.0669956207275
21,threads,close,dynamic,6.337,918.4591085910797
21,threads,close,static,6.574,932.7338268756866
21,threads,master,dynamic,6.364,948.6706168651581
21,sockets,master,dynamic,6.331,962.6717910766602
21,cores,master,dynamic,6.334,976.7954695224762
21,cores,master,static,6.335,990.9329335689545
21,sockets,master,static,6.307,1004.882550239563
21,threads,master,static,6.325,1019.1708068847656
21,sockets,close,static,6.325,1033.468740940094
21,sockets,close,dynamic,6.339,1047.4454355239868
21,cores,close,dynamic,6.321,1061.4453620910645
21,cores,close,static,6.329,1075.8161373138428
21,sockets,spread,static,6.322,1091.7642958164215
21,cores,spread,static,6.327,1105.8464076519012
21,sockets,spread,dynamic,6.329,1119.993708372116
32,threads,close,dynamic,6.86,1135.9345254898071
32,threads,spread,dynamic,6.875,1151.9341940879822
42,cores,close,static,7.107,1167.933991909027
8,sockets,master,static,6.511,1183.9342200756073
5,threads,master,dynamic,6.672,1198.181434392929
5,threads,close,static,6.667,1212.4570260047913
16,sockets,close,static,6.426,1226.4020309448242
4,threads,close,static,6.749,1242.4021081924438
42,cores,master,static,7.101,1258.402225971222
1,threads,spread,dynamic,8.059,1274.402096271515
1,threads,close,dynamic,8.102,1290.4019975662231
5,threads,close,dynamic,6.692,1304.8962967395782
32,threads,spread,static,6.918,1320.8683848381042
4,threads,close,dynamic,6.766,1335.363822221756
10,sockets,close,dynamic,6.495,1349.422087430954
32,threads,close,static,6.915,1365.3986325263977
42,threads,close,dynamic,7.115,1381.3972096443176
2,threads,spread,dynamic,7.277,1397.3985373973846
16,sockets,close,dynamic,6.413,1411.5222158432007
8,cores,close,dynamic,6.542,1426.0214245319366
1,sockets,close,static,8.063,1442.0259835720062
8,sockets,close,static,6.556,1456.273232460022
8,cores,close,static,6.547,1470.4290595054626
5,sockets,close,static,6.674,1484.8996529579163
10,cores,close,dynamic,6.503,1499.3152208328247
5,sockets,spread,static,6.676,1513.7771139144897
5,sockets,master,static,6.664,1528.22700715065
4,sockets,spread,static,6.751,1544.182993888855
32,cores,master,dynamic,6.879,1558.7170522212982
5,cores,close,static,6.69,1573.1569633483887
10,sockets,spread,dynamic,6.488,1587.6138219833374
42,sockets,spread,dynamic,7.042,1603.584129333496
2,threads,master,dynamic,7.243,1619.584142446518
8,sockets,close,dynamic,6.548,1633.729322195053
1,cores,master,static,8.102,1649.8642377853394
8,sockets,spread,dynamic,6.513,1663.9883184432983
5,cores,close,dynamic,6.663,1678.2129342556
10,sockets,master,dynamic,6.49,1692.4777030944824
4,cores,close,static,6.766,1708.447140455246
2,cores,master,static,7.219,1724.447065114975
32,cores,master,static,6.868,1738.8176877498627
4,cores,close,dynamic,6.758,1753.3254430294037
42,sockets,spread,static,7.04,1769.2876811027527
5,sockets,close,dynamic,6.694,1785.2885677814484
