{
    "{\"p0\": \"1\", \"p1\": \"cores\", \"p2\": \"spread\", \"p3\": \"#pragma omp parallel for\", \"p4\": \"simd\", \"p5\": \"device(offloaded_to_device)\", \"p6\": \"static\", \"p7\": \"schedule(static,2)\", \"p8\": \"MANDATORY\", \"p9\": \"MPI_Barrier(MPI_COMM_WORLD);\"}": 50.721,
    "{\"p0\": \"10\", \"p1\": \"sockets\", \"p2\": \"close\", \"p3\": \" \", \"p4\": \"simd\", \"p5\": \"device(offloaded_to_device)\", \"p6\": \"static\", \"p7\": \"schedule(static,4)\", \"p8\": \"DEFAULT\", \"p9\": \" \"}": 16.723,
    "{\"p0\": \"16\", \"p1\": \"sockets\", \"p2\": \"close\", \"p3\": \" \", \"p4\": \" \", \"p5\": \"device(offloaded_to_device)\", \"p6\": \"static\", \"p7\": \"schedule(static,8)\", \"p8\": \"DEFAULT\", \"p9\": \"MPI_Barrier(MPI_COMM_WORLD);\"}": 14.732,
    "{\"p0\": \"16\", \"p1\": \"sockets\", \"p2\": \"spread\", \"p3\": \"#pragma omp parallel for\", \"p4\": \"simd\", \"p5\": \"device(offloaded_to_device)\", \"p6\": \"static\", \"p7\": \"schedule(static,4)\", \"p8\": \"DEFAULT\", \"p9\": \" \"}": 16.643,
    "{\"p0\": \"21\", \"p1\": \"sockets\", \"p2\": \"master\", \"p3\": \"#pragma omp parallel for\", \"p4\": \"simd\", \"p5\": \"device(offloaded_to_device)\", \"p6\": \"static\", \"p7\": \"schedule(static,16)\", \"p8\": \"DEFAULT\", \"p9\": \"MPI_Barrier(MPI_COMM_WORLD);\"}": 3.843,
    "{\"p0\": \"32\", \"p1\": \"sockets\", \"p2\": \"master\", \"p3\": \"#pragma omp parallel for\", \"p4\": \"simd\", \"p5\": \" \", \"p6\": \"static\", \"p7\": \"schedule(static,1)\", \"p8\": \"MANDATORY\", \"p9\": \" \"}": 19.251,
    "{\"p0\": \"4\", \"p1\": \"threads\", \"p2\": \"close\", \"p3\": \"#pragma omp parallel for\", \"p4\": \"simd\", \"p5\": \" \", \"p6\": \"dynamic\", \"p7\": \"schedule(static,4)\", \"p8\": \"DEFAULT\", \"p9\": \"MPI_Barrier(MPI_COMM_WORLD);\"}": 16.188,
    "{\"p0\": \"4\", \"p1\": \"threads\", \"p2\": \"close\", \"p3\": \"#pragma omp parallel for\", \"p4\": \"simd\", \"p5\": \"device(offloaded_to_device)\", \"p6\": \"dynamic\", \"p7\": \"schedule(static,4)\", \"p8\": \"DEFAULT\", \"p9\": \" \"}": 18.573,
    "{\"p0\": \"42\", \"p1\": \"sockets\", \"p2\": \"close\", \"p3\": \" \", \"p4\": \" \", \"p5\": \"device(offloaded_to_device)\", \"p6\": \"static\", \"p7\": \"schedule(static,4)\", \"p8\": \"DISABLED\", \"p9\": \" \"}": 12.696,
    "{\"p0\": \"42\", \"p1\": \"threads\", \"p2\": \"close\", \"p3\": \"#pragma omp parallel for\", \"p4\": \"simd\", \"p5\": \" \", \"p6\": \"static\", \"p7\": \"schedule(static,4)\", \"p8\": \"MANDATORY\", \"p9\": \" \"}": 6.067,
    "{\"p0\": \"42\", \"p1\": \"threads\", \"p2\": \"master\", \"p3\": \"#pragma omp parallel for\", \"p4\": \" \", \"p5\": \"device(offloaded_to_device)\", \"p6\": \"static\", \"p7\": \"schedule(static,32)\", \"p8\": \"DEFAULT\", \"p9\": \"MPI_Barrier(MPI_COMM_WORLD);\"}": 11.084,
    "{\"p0\": \"42\", \"p1\": \"threads\", \"p2\": \"master\", \"p3\": \"#pragma omp parallel for\", \"p4\": \" \", \"p5\": \"device(offloaded_to_device)\", \"p6\": \"static\", \"p7\": \"schedule(static,8)\", \"p8\": \"DEFAULT\", \"p9\": \"MPI_Barrier(MPI_COMM_WORLD);\"}": 17.649,
    "{\"p0\": \"42\", \"p1\": \"threads\", \"p2\": \"master\", \"p3\": \"#pragma omp parallel for\", \"p4\": \"simd\", \"p5\": \"device(offloaded_to_device)\", \"p6\": \"static\", \"p7\": \" \", \"p8\": \"DEFAULT\", \"p9\": \"MPI_Barrier(MPI_COMM_WORLD);\"}": 15.494,
    "{\"p0\": \"42\", \"p1\": \"threads\", \"p2\": \"master\", \"p3\": \"#pragma omp parallel for\", \"p4\": \"simd\", \"p5\": \"device(offloaded_to_device)\", \"p6\": \"static\", \"p7\": \"schedule(static,4)\", \"p8\": \"DEFAULT\", \"p9\": \"MPI_Barrier(MPI_COMM_WORLD);\"}": 4.344,
    "{\"p0\": \"5\", \"p1\": \"cores\", \"p2\": \"spread\", \"p3\": \"#pragma omp parallel for\", \"p4\": \"simd\", \"p5\": \"device(offloaded_to_device)\", \"p6\": \"static\", \"p7\": \"schedule(static,2)\", \"p8\": \"DEFAULT\", \"p9\": \"MPI_Barrier(MPI_COMM_WORLD);\"}": 98.436,
    "{\"p0\": \"5\", \"p1\": \"sockets\", \"p2\": \"close\", \"p3\": \" \", \"p4\": \"simd\", \"p5\": \"device(offloaded_to_device)\", \"p6\": \"static\", \"p7\": \"schedule(static,4)\", \"p8\": \"DEFAULT\", \"p9\": \" \"}": 14.813,
    "{\"p0\": \"5\", \"p1\": \"threads\", \"p2\": \"close\", \"p3\": \"#pragma omp parallel for\", \"p4\": \"simd\", \"p5\": \" \", \"p6\": \"static\", \"p7\": \" \", \"p8\": \"DEFAULT\", \"p9\": \"MPI_Barrier(MPI_COMM_WORLD);\"}": 16.677,
    "{\"p0\": \"5\", \"p1\": \"threads\", \"p2\": \"close\", \"p3\": \"#pragma omp parallel for\", \"p4\": \"simd\", \"p5\": \"device(offloaded_to_device)\", \"p6\": \"auto\", \"p7\": \"schedule(static,4)\", \"p8\": \"DEFAULT\", \"p9\": \"MPI_Barrier(MPI_COMM_WORLD);\"}": 14.641,
    "{\"p0\": \"8\", \"p1\": \"cores\", \"p2\": \"close\", \"p3\": \"#pragma omp parallel for\", \"p4\": \" \", \"p5\": \" \", \"p6\": \"dynamic\", \"p7\": \"schedule(static,16)\", \"p8\": \"DISABLED\", \"p9\": \" \"}": 18.995,
    "{\"p0\": \"8\", \"p1\": \"cores\", \"p2\": \"close\", \"p3\": \"#pragma omp parallel for\", \"p4\": \" \", \"p5\": \" \", \"p6\": \"static\", \"p7\": \"schedule(static,2)\", \"p8\": \"DISABLED\", \"p9\": \"MPI_Barrier(MPI_COMM_WORLD);\"}": 18.034
}