p0,p1,p2,p3,p4,p5,p6,objective,elapsed_sec
8,threads, , ,#pragma unroll(6),spread,static,21.762,57.75195074081421
48,threads, ,#pragma omp parallel for, ,master,dynamic,1039.061,1131.3528335094452
4,cores,#pragma unroll(3),#pragma omp parallel for, ,spread,dynamic,26.238,1191.724485874176
128,sockets,#pragma unroll(3),#pragma omp parallel for, ,close,static,39.722,1267.390756368637
256,cores, , ,#pragma unroll(6),spread,static,108.775,1411.3911650180817
48,sockets,#pragma unroll(3),#pragma omp parallel for, ,spread,static,21.972,1467.7638249397278
