{
    "{\"p0\": \"16\", \"p1\": \"160\", \"p2\": \"#pragma omp parallel for\", \"p3\": \"sockets\", \"p4\": \"close\", \"p5\": \"static\"}": 22.439,
    "{\"p0\": \"16\", \"p1\": \"64\", \"p2\": \"#pragma omp parallel for\", \"p3\": \"sockets\", \"p4\": \"master\", \"p5\": \"static\"}": 24.031,
    "{\"p0\": \"192\", \"p1\": \"10\", \"p2\": \"#pragma omp parallel for\", \"p3\": \"sockets\", \"p4\": \"spread\", \"p5\": \"static\"}": 8.054,
    "{\"p0\": \"192\", \"p1\": \"100\", \"p2\": \" \", \"p3\": \"sockets\", \"p4\": \"master\", \"p5\": \"static\"}": 8.124,
    "{\"p0\": \"192\", \"p1\": \"100\", \"p2\": \"#pragma omp parallel for\", \"p3\": \"sockets\", \"p4\": \"master\", \"p5\": \"dynamic\"}": 7.999,
    "{\"p0\": \"192\", \"p1\": \"100\", \"p2\": \"#pragma omp parallel for\", \"p3\": \"sockets\", \"p4\": \"spread\", \"p5\": \"dynamic\"}": 8.028,
    "{\"p0\": \"192\", \"p1\": \"128\", \"p2\": \"#pragma omp parallel for\", \"p3\": \"sockets\", \"p4\": \"close\", \"p5\": \"static\"}": 8.008,
    "{\"p0\": \"192\", \"p1\": \"128\", \"p2\": \"#pragma omp parallel for\", \"p3\": \"sockets\", \"p4\": \"master\", \"p5\": \"dynamic\"}": 8.021,
    "{\"p0\": \"192\", \"p1\": \"160\", \"p2\": \" \", \"p3\": \"sockets\", \"p4\": \"master\", \"p5\": \"dynamic\"}": 8.121,
    "{\"p0\": \"192\", \"p1\": \"160\", \"p2\": \"#pragma omp parallel for\", \"p3\": \"sockets\", \"p4\": \"master\", \"p5\": \"dynamic\"}": 7.99,
    "{\"p0\": \"192\", \"p1\": \"20\", \"p2\": \" \", \"p3\": \"sockets\", \"p4\": \"master\", \"p5\": \"dynamic\"}": 8.167,
    "{\"p0\": \"192\", \"p1\": \"20\", \"p2\": \" \", \"p3\": \"sockets\", \"p4\": \"master\", \"p5\": \"static\"}": 8.109,
    "{\"p0\": \"192\", \"p1\": \"20\", \"p2\": \"#pragma omp parallel for\", \"p3\": \"sockets\", \"p4\": \"master\", \"p5\": \"dynamic\"}": 8.013,
    "{\"p0\": \"192\", \"p1\": \"20\", \"p2\": \"#pragma omp parallel for\", \"p3\": \"sockets\", \"p4\": \"spread\", \"p5\": \"static\"}": 8.013,
    "{\"p0\": \"192\", \"p1\": \"200\", \"p2\": \" \", \"p3\": \"sockets\", \"p4\": \"master\", \"p5\": \"dynamic\"}": 8.099,
    "{\"p0\": \"192\", \"p1\": \"200\", \"p2\": \" \", \"p3\": \"sockets\", \"p4\": \"master\", \"p5\": \"static\"}": 8.097,
    "{\"p0\": \"192\", \"p1\": \"200\", \"p2\": \"#pragma omp parallel for\", \"p3\": \"sockets\", \"p4\": \"close\", \"p5\": \"static\"}": 8.003,
    "{\"p0\": \"192\", \"p1\": \"200\", \"p2\": \"#pragma omp parallel for\", \"p3\": \"sockets\", \"p4\": \"master\", \"p5\": \"dynamic\"}": 7.998,
    "{\"p0\": \"192\", \"p1\": \"200\", \"p2\": \"#pragma omp parallel for\", \"p3\": \"sockets\", \"p4\": \"spread\", \"p5\": \"static\"}": 7.999,
    "{\"p0\": \"192\", \"p1\": \"256\", \"p2\": \" \", \"p3\": \"sockets\", \"p4\": \"master\", \"p5\": \"dynamic\"}": 8.15,
    "{\"p0\": \"192\", \"p1\": \"256\", \"p2\": \" \", \"p3\": \"sockets\", \"p4\": \"master\", \"p5\": \"static\"}": 8.173,
    "{\"p0\": \"192\", \"p1\": \"256\", \"p2\": \" \", \"p3\": \"sockets\", \"p4\": \"spread\", \"p5\": \"dynamic\"}": 8.198,
    "{\"p0\": \"192\", \"p1\": \"256\", \"p2\": \"#pragma omp parallel for\", \"p3\": \"sockets\", \"p4\": \"master\", \"p5\": \"dynamic\"}": 8.011,
    "{\"p0\": \"192\", \"p1\": \"256\", \"p2\": \"#pragma omp parallel for\", \"p3\": \"sockets\", \"p4\": \"master\", \"p5\": \"static\"}": 7.97,
    "{\"p0\": \"192\", \"p1\": \"256\", \"p2\": \"#pragma omp parallel for\", \"p3\": \"sockets\", \"p4\": \"spread\", \"p5\": \"dynamic\"}": 7.987,
    "{\"p0\": \"192\", \"p1\": \"256\", \"p2\": \"#pragma omp parallel for\", \"p3\": \"sockets\", \"p4\": \"spread\", \"p5\": \"static\"}": 8.024,
    "{\"p0\": \"192\", \"p1\": \"40\", \"p2\": \" \", \"p3\": \"sockets\", \"p4\": \"master\", \"p5\": \"dynamic\"}": 8.179,
    "{\"p0\": \"192\", \"p1\": \"40\", \"p2\": \" \", \"p3\": \"sockets\", \"p4\": \"master\", \"p5\": \"static\"}": 8.155,
    "{\"p0\": \"192\", \"p1\": \"40\", \"p2\": \" \", \"p3\": \"sockets\", \"p4\": \"spread\", \"p5\": \"static\"}": 8.125,
    "{\"p0\": \"192\", \"p1\": \"40\", \"p2\": \"#pragma omp parallel for\", \"p3\": \"sockets\", \"p4\": \"master\", \"p5\": \"dynamic\"}": 8.018,
    "{\"p0\": \"192\", \"p1\": \"40\", \"p2\": \"#pragma omp parallel for\", \"p3\": \"sockets\", \"p4\": \"master\", \"p5\": \"static\"}": 8.002,
    "{\"p0\": \"192\", \"p1\": \"40\", \"p2\": \"#pragma omp parallel for\", \"p3\": \"sockets\", \"p4\": \"spread\", \"p5\": \"static\"}": 8.005,
    "{\"p0\": \"192\", \"p1\": \"40\", \"p2\": \"#pragma omp parallel for\", \"p3\": \"threads\", \"p4\": \"close\", \"p5\": \"static\"}": 8.001,
    "{\"p0\": \"192\", \"p1\": \"400\", \"p2\": \" \", \"p3\": \"sockets\", \"p4\": \"master\", \"p5\": \"static\"}": 8.243,
    "{\"p0\": \"192\", \"p1\": \"400\", \"p2\": \"#pragma omp parallel for\", \"p3\": \"sockets\", \"p4\": \"master\", \"p5\": \"dynamic\"}": 8.017,
    "{\"p0\": \"192\", \"p1\": \"50\", \"p2\": \" \", \"p3\": \"sockets\", \"p4\": \"master\", \"p5\": \"static\"}": 8.17,
    "{\"p0\": \"192\", \"p1\": \"50\", \"p2\": \" \", \"p3\": \"sockets\", \"p4\": \"spread\", \"p5\": \"dynamic\"}": 8.143,
    "{\"p0\": \"192\", \"p1\": \"50\", \"p2\": \" \", \"p3\": \"sockets\", \"p4\": \"spread\", \"p5\": \"static\"}": 8.238,
    "{\"p0\": \"192\", \"p1\": \"50\", \"p2\": \"#pragma omp parallel for\", \"p3\": \"sockets\", \"p4\": \"close\", \"p5\": \"dynamic\"}": 8.009,
    "{\"p0\": \"192\", \"p1\": \"50\", \"p2\": \"#pragma omp parallel for\", \"p3\": \"sockets\", \"p4\": \"close\", \"p5\": \"static\"}": 8.018,
    "{\"p0\": \"192\", \"p1\": \"50\", \"p2\": \"#pragma omp parallel for\", \"p3\": \"sockets\", \"p4\": \"master\", \"p5\": \"dynamic\"}": 7.983,
    "{\"p0\": \"192\", \"p1\": \"50\", \"p2\": \"#pragma omp parallel for\", \"p3\": \"sockets\", \"p4\": \"master\", \"p5\": \"static\"}": 8.004,
    "{\"p0\": \"192\", \"p1\": \"50\", \"p2\": \"#pragma omp parallel for\", \"p3\": \"sockets\", \"p4\": \"spread\", \"p5\": \"dynamic\"}": 8.003,
    "{\"p0\": \"192\", \"p1\": \"50\", \"p2\": \"#pragma omp parallel for\", \"p3\": \"sockets\", \"p4\": \"spread\", \"p5\": \"static\"}": 8.007,
    "{\"p0\": \"192\", \"p1\": \"64\", \"p2\": \" \", \"p3\": \"sockets\", \"p4\": \"close\", \"p5\": \"static\"}": 8.167,
    "{\"p0\": \"192\", \"p1\": \"64\", \"p2\": \" \", \"p3\": \"sockets\", \"p4\": \"spread\", \"p5\": \"static\"}": 8.203,
    "{\"p0\": \"192\", \"p1\": \"64\", \"p2\": \" \", \"p3\": \"threads\", \"p4\": \"master\", \"p5\": \"dynamic\"}": 367.684,
    "{\"p0\": \"192\", \"p1\": \"64\", \"p2\": \"#pragma omp parallel for\", \"p3\": \"sockets\", \"p4\": \"close\", \"p5\": \"dynamic\"}": 8.004,
    "{\"p0\": \"192\", \"p1\": \"64\", \"p2\": \"#pragma omp parallel for\", \"p3\": \"sockets\", \"p4\": \"close\", \"p5\": \"static\"}": 8.038,
    "{\"p0\": \"192\", \"p1\": \"64\", \"p2\": \"#pragma omp parallel for\", \"p3\": \"sockets\", \"p4\": \"master\", \"p5\": \"dynamic\"}": 7.998,
    "{\"p0\": \"192\", \"p1\": \"64\", \"p2\": \"#pragma omp parallel for\", \"p3\": \"sockets\", \"p4\": \"master\", \"p5\": \"static\"}": 8.016,
    "{\"p0\": \"192\", \"p1\": \"64\", \"p2\": \"#pragma omp parallel for\", \"p3\": \"sockets\", \"p4\": \"spread\", \"p5\": \"dynamic\"}": 8.012,
    "{\"p0\": \"192\", \"p1\": \"64\", \"p2\": \"#pragma omp parallel for\", \"p3\": \"sockets\", \"p4\": \"spread\", \"p5\": \"static\"}": 8.005,
    "{\"p0\": \"192\", \"p1\": \"80\", \"p2\": \" \", \"p3\": \"sockets\", \"p4\": \"master\", \"p5\": \"static\"}": 8.167,
    "{\"p0\": \"192\", \"p1\": \"80\", \"p2\": \"#pragma omp parallel for\", \"p3\": \"sockets\", \"p4\": \"master\", \"p5\": \"static\"}": 8.012,
    "{\"p0\": \"256\", \"p1\": \"80\", \"p2\": \"#pragma omp parallel for\", \"p3\": \"sockets\", \"p4\": \"master\", \"p5\": \"static\"}": 9.675,
    "{\"p0\": \"32\", \"p1\": \"160\", \"p2\": \" \", \"p3\": \"cores\", \"p4\": \"close\", \"p5\": \"static\"}": 10.022,
    "{\"p0\": \"32\", \"p1\": \"64\", \"p2\": \"#pragma omp parallel for\", \"p3\": \"sockets\", \"p4\": \"master\", \"p5\": \"static\"}": 11.113,
    "{\"p0\": \"4\", \"p1\": \"64\", \"p2\": \"#pragma omp parallel for\", \"p3\": \"sockets\", \"p4\": \"master\", \"p5\": \"dynamic\"}": 94.542,
    "{\"p0\": \"64\", \"p1\": \"256\", \"p2\": \"#pragma omp parallel for\", \"p3\": \"sockets\", \"p4\": \"master\", \"p5\": \"dynamic\"}": 5.395,
    "{\"p0\": \"64\", \"p1\": \"40\", \"p2\": \" \", \"p3\": \"sockets\", \"p4\": \"master\", \"p5\": \"static\"}": 6.399,
    "{\"p0\": \"8\", \"p1\": \"128\", \"p2\": \"#pragma omp parallel for\", \"p3\": \"sockets\", \"p4\": \"spread\", \"p5\": \"static\"}": 51.317,
    "{\"p0\": \"96\", \"p1\": \"20\", \"p2\": \" \", \"p3\": \"sockets\", \"p4\": \"spread\", \"p5\": \"dynamic\"}": 9.196,
    "{\"p0\": \"96\", \"p1\": \"50\", \"p2\": \" \", \"p3\": \"cores\", \"p4\": \"master\", \"p5\": \"dynamic\"}": 238.217,
    "{\"p0\": \"96\", \"p1\": \"64\", \"p2\": \"#pragma omp parallel for\", \"p3\": \"sockets\", \"p4\": \"master\", \"p5\": \"static\"}": 8.998
}