{
    "{\"p0\": \"16\", \"p1\": \"160\", \"p2\": \"#pragma omp parallel for\", \"p3\": \"sockets\", \"p4\": \"close\", \"p5\": \"static\"}": 20.97,
    "{\"p0\": \"16\", \"p1\": \"64\", \"p2\": \"#pragma omp parallel for\", \"p3\": \"sockets\", \"p4\": \"master\", \"p5\": \"static\"}": 22.393,
    "{\"p0\": \"192\", \"p1\": \"10\", \"p2\": \"#pragma omp parallel for\", \"p3\": \"sockets\", \"p4\": \"master\", \"p5\": \"dynamic\"}": 8.067,
    "{\"p0\": \"192\", \"p1\": \"10\", \"p2\": \"#pragma omp parallel for\", \"p3\": \"sockets\", \"p4\": \"spread\", \"p5\": \"static\"}": 8.037,
    "{\"p0\": \"192\", \"p1\": \"100\", \"p2\": \" \", \"p3\": \"sockets\", \"p4\": \"spread\", \"p5\": \"dynamic\"}": 8.204,
    "{\"p0\": \"192\", \"p1\": \"100\", \"p2\": \"#pragma omp parallel for\", \"p3\": \"sockets\", \"p4\": \"master\", \"p5\": \"dynamic\"}": 8.001,
    "{\"p0\": \"192\", \"p1\": \"100\", \"p2\": \"#pragma omp parallel for\", \"p3\": \"sockets\", \"p4\": \"spread\", \"p5\": \"dynamic\"}": 8.03,
    "{\"p0\": \"192\", \"p1\": \"128\", \"p2\": \"#pragma omp parallel for\", \"p3\": \"sockets\", \"p4\": \"close\", \"p5\": \"static\"}": 7.996,
    "{\"p0\": \"192\", \"p1\": \"128\", \"p2\": \"#pragma omp parallel for\", \"p3\": \"sockets\", \"p4\": \"master\", \"p5\": \"static\"}": 8.016,
    "{\"p0\": \"192\", \"p1\": \"160\", \"p2\": \"#pragma omp parallel for\", \"p3\": \"sockets\", \"p4\": \"master\", \"p5\": \"dynamic\"}": 8.019,
    "{\"p0\": \"192\", \"p1\": \"20\", \"p2\": \" \", \"p3\": \"sockets\", \"p4\": \"spread\", \"p5\": \"dynamic\"}": 8.206,
    "{\"p0\": \"192\", \"p1\": \"20\", \"p2\": \"#pragma omp parallel for\", \"p3\": \"sockets\", \"p4\": \"master\", \"p5\": \"dynamic\"}": 8.028,
    "{\"p0\": \"192\", \"p1\": \"20\", \"p2\": \"#pragma omp parallel for\", \"p3\": \"sockets\", \"p4\": \"master\", \"p5\": \"static\"}": 8.023,
    "{\"p0\": \"192\", \"p1\": \"20\", \"p2\": \"#pragma omp parallel for\", \"p3\": \"sockets\", \"p4\": \"spread\", \"p5\": \"static\"}": 8.022,
    "{\"p0\": \"192\", \"p1\": \"200\", \"p2\": \" \", \"p3\": \"sockets\", \"p4\": \"spread\", \"p5\": \"dynamic\"}": 8.24,
    "{\"p0\": \"192\", \"p1\": \"200\", \"p2\": \"#pragma omp parallel for\", \"p3\": \"sockets\", \"p4\": \"close\", \"p5\": \"static\"}": 7.991,
    "{\"p0\": \"192\", \"p1\": \"200\", \"p2\": \"#pragma omp parallel for\", \"p3\": \"sockets\", \"p4\": \"master\", \"p5\": \"dynamic\"}": 8.028,
    "{\"p0\": \"192\", \"p1\": \"200\", \"p2\": \"#pragma omp parallel for\", \"p3\": \"sockets\", \"p4\": \"master\", \"p5\": \"static\"}": 7.997,
    "{\"p0\": \"192\", \"p1\": \"200\", \"p2\": \"#pragma omp parallel for\", \"p3\": \"sockets\", \"p4\": \"spread\", \"p5\": \"static\"}": 7.983,
    "{\"p0\": \"192\", \"p1\": \"256\", \"p2\": \" \", \"p3\": \"sockets\", \"p4\": \"close\", \"p5\": \"dynamic\"}": 8.159,
    "{\"p0\": \"192\", \"p1\": \"256\", \"p2\": \" \", \"p3\": \"sockets\", \"p4\": \"close\", \"p5\": \"static\"}": 8.117,
    "{\"p0\": \"192\", \"p1\": \"256\", \"p2\": \" \", \"p3\": \"sockets\", \"p4\": \"master\", \"p5\": \"dynamic\"}": 8.19,
    "{\"p0\": \"192\", \"p1\": \"256\", \"p2\": \" \", \"p3\": \"sockets\", \"p4\": \"master\", \"p5\": \"static\"}": 8.173,
    "{\"p0\": \"192\", \"p1\": \"256\", \"p2\": \" \", \"p3\": \"sockets\", \"p4\": \"spread\", \"p5\": \"dynamic\"}": 8.217,
    "{\"p0\": \"192\", \"p1\": \"256\", \"p2\": \" \", \"p3\": \"sockets\", \"p4\": \"spread\", \"p5\": \"static\"}": 8.271,
    "{\"p0\": \"192\", \"p1\": \"256\", \"p2\": \"#pragma omp parallel for\", \"p3\": \"sockets\", \"p4\": \"master\", \"p5\": \"dynamic\"}": 8.024,
    "{\"p0\": \"192\", \"p1\": \"256\", \"p2\": \"#pragma omp parallel for\", \"p3\": \"sockets\", \"p4\": \"master\", \"p5\": \"static\"}": 8.011,
    "{\"p0\": \"192\", \"p1\": \"256\", \"p2\": \"#pragma omp parallel for\", \"p3\": \"sockets\", \"p4\": \"spread\", \"p5\": \"dynamic\"}": 7.996,
    "{\"p0\": \"192\", \"p1\": \"256\", \"p2\": \"#pragma omp parallel for\", \"p3\": \"sockets\", \"p4\": \"spread\", \"p5\": \"static\"}": 8.0,
    "{\"p0\": \"192\", \"p1\": \"40\", \"p2\": \" \", \"p3\": \"sockets\", \"p4\": \"close\", \"p5\": \"static\"}": 8.218,
    "{\"p0\": \"192\", \"p1\": \"40\", \"p2\": \" \", \"p3\": \"sockets\", \"p4\": \"master\", \"p5\": \"dynamic\"}": 8.224,
    "{\"p0\": \"192\", \"p1\": \"40\", \"p2\": \" \", \"p3\": \"sockets\", \"p4\": \"spread\", \"p5\": \"dynamic\"}": 8.168,
    "{\"p0\": \"192\", \"p1\": \"40\", \"p2\": \"#pragma omp parallel for\", \"p3\": \"sockets\", \"p4\": \"master\", \"p5\": \"dynamic\"}": 8.004,
    "{\"p0\": \"192\", \"p1\": \"40\", \"p2\": \"#pragma omp parallel for\", \"p3\": \"sockets\", \"p4\": \"master\", \"p5\": \"static\"}": 8.031,
    "{\"p0\": \"192\", \"p1\": \"40\", \"p2\": \"#pragma omp parallel for\", \"p3\": \"sockets\", \"p4\": \"spread\", \"p5\": \"dynamic\"}": 7.985,
    "{\"p0\": \"192\", \"p1\": \"40\", \"p2\": \"#pragma omp parallel for\", \"p3\": \"sockets\", \"p4\": \"spread\", \"p5\": \"static\"}": 8.017,
    "{\"p0\": \"192\", \"p1\": \"40\", \"p2\": \"#pragma omp parallel for\", \"p3\": \"threads\", \"p4\": \"close\", \"p5\": \"static\"}": 8.003,
    "{\"p0\": \"192\", \"p1\": \"400\", \"p2\": \"#pragma omp parallel for\", \"p3\": \"sockets\", \"p4\": \"master\", \"p5\": \"dynamic\"}": 8.011,
    "{\"p0\": \"192\", \"p1\": \"50\", \"p2\": \" \", \"p3\": \"sockets\", \"p4\": \"close\", \"p5\": \"dynamic\"}": 8.139,
    "{\"p0\": \"192\", \"p1\": \"50\", \"p2\": \"#pragma omp parallel for\", \"p3\": \"sockets\", \"p4\": \"close\", \"p5\": \"dynamic\"}": 8.011,
    "{\"p0\": \"192\", \"p1\": \"50\", \"p2\": \"#pragma omp parallel for\", \"p3\": \"sockets\", \"p4\": \"close\", \"p5\": \"static\"}": 8.021,
    "{\"p0\": \"192\", \"p1\": \"50\", \"p2\": \"#pragma omp parallel for\", \"p3\": \"sockets\", \"p4\": \"master\", \"p5\": \"dynamic\"}": 8.013,
    "{\"p0\": \"192\", \"p1\": \"50\", \"p2\": \"#pragma omp parallel for\", \"p3\": \"sockets\", \"p4\": \"master\", \"p5\": \"static\"}": 8.03,
    "{\"p0\": \"192\", \"p1\": \"50\", \"p2\": \"#pragma omp parallel for\", \"p3\": \"sockets\", \"p4\": \"spread\", \"p5\": \"dynamic\"}": 8.044,
    "{\"p0\": \"192\", \"p1\": \"50\", \"p2\": \"#pragma omp parallel for\", \"p3\": \"sockets\", \"p4\": \"spread\", \"p5\": \"static\"}": 8.031,
    "{\"p0\": \"192\", \"p1\": \"64\", \"p2\": \" \", \"p3\": \"threads\", \"p4\": \"master\", \"p5\": \"dynamic\"}": 364.138,
    "{\"p0\": \"192\", \"p1\": \"64\", \"p2\": \"#pragma omp parallel for\", \"p3\": \"sockets\", \"p4\": \"close\", \"p5\": \"dynamic\"}": 8.028,
    "{\"p0\": \"192\", \"p1\": \"64\", \"p2\": \"#pragma omp parallel for\", \"p3\": \"sockets\", \"p4\": \"close\", \"p5\": \"static\"}": 8.026,
    "{\"p0\": \"192\", \"p1\": \"64\", \"p2\": \"#pragma omp parallel for\", \"p3\": \"sockets\", \"p4\": \"master\", \"p5\": \"dynamic\"}": 8.036,
    "{\"p0\": \"192\", \"p1\": \"64\", \"p2\": \"#pragma omp parallel for\", \"p3\": \"sockets\", \"p4\": \"master\", \"p5\": \"static\"}": 7.989,
    "{\"p0\": \"192\", \"p1\": \"64\", \"p2\": \"#pragma omp parallel for\", \"p3\": \"sockets\", \"p4\": \"spread\", \"p5\": \"dynamic\"}": 7.996,
    "{\"p0\": \"192\", \"p1\": \"64\", \"p2\": \"#pragma omp parallel for\", \"p3\": \"sockets\", \"p4\": \"spread\", \"p5\": \"static\"}": 8.038,
    "{\"p0\": \"192\", \"p1\": \"80\", \"p2\": \"#pragma omp parallel for\", \"p3\": \"sockets\", \"p4\": \"master\", \"p5\": \"dynamic\"}": 7.998,
    "{\"p0\": \"256\", \"p1\": \"80\", \"p2\": \"#pragma omp parallel for\", \"p3\": \"sockets\", \"p4\": \"master\", \"p5\": \"static\"}": 9.678,
    "{\"p0\": \"32\", \"p1\": \"160\", \"p2\": \" \", \"p3\": \"cores\", \"p4\": \"close\", \"p5\": \"static\"}": 10.063,
    "{\"p0\": \"4\", \"p1\": \"64\", \"p2\": \"#pragma omp parallel for\", \"p3\": \"sockets\", \"p4\": \"master\", \"p5\": \"static\"}": 95.041,
    "{\"p0\": \"64\", \"p1\": \"256\", \"p2\": \"#pragma omp parallel for\", \"p3\": \"sockets\", \"p4\": \"master\", \"p5\": \"dynamic\"}": 5.078,
    "{\"p0\": \"64\", \"p1\": \"40\", \"p2\": \" \", \"p3\": \"sockets\", \"p4\": \"master\", \"p5\": \"static\"}": 6.113,
    "{\"p0\": \"8\", \"p1\": \"128\", \"p2\": \"#pragma omp parallel for\", \"p3\": \"sockets\", \"p4\": \"spread\", \"p5\": \"static\"}": 44.319,
    "{\"p0\": \"96\", \"p1\": \"20\", \"p2\": \" \", \"p3\": \"sockets\", \"p4\": \"spread\", \"p5\": \"dynamic\"}": 9.205,
    "{\"p0\": \"96\", \"p1\": \"50\", \"p2\": \" \", \"p3\": \"cores\", \"p4\": \"master\", \"p5\": \"dynamic\"}": 241.279
}