{
    "{\"p0\": \"128\", \"p1\": \"10\", \"p2\": \"#pragma omp parallel for\", \"p3\": \"cores\", \"p4\": \"spread\", \"p5\": \"dynamic\"}": 2057.099,
    "{\"p0\": \"128\", \"p1\": \"100\", \"p2\": \"#pragma omp parallel for\", \"p3\": \"cores\", \"p4\": \"spread\", \"p5\": \"dynamic\"}": 2069.542,
    "{\"p0\": \"128\", \"p1\": \"100\", \"p2\": \"#pragma omp parallel for\", \"p3\": \"threads\", \"p4\": \"master\", \"p5\": \"static\"}": 2367.947,
    "{\"p0\": \"128\", \"p1\": \"128\", \"p2\": \" \", \"p3\": \"cores\", \"p4\": \"spread\", \"p5\": \"static\"}": 2222.929,
    "{\"p0\": \"128\", \"p1\": \"128\", \"p2\": \" \", \"p3\": \"threads\", \"p4\": \"close\", \"p5\": \"dynamic\"}": 2214.215,
    "{\"p0\": \"128\", \"p1\": \"128\", \"p2\": \" \", \"p3\": \"threads\", \"p4\": \"master\", \"p5\": \"dynamic\"}": 2512.61,
    "{\"p0\": \"128\", \"p1\": \"128\", \"p2\": \" \", \"p3\": \"threads\", \"p4\": \"master\", \"p5\": \"static\"}": 2619.319,
    "{\"p0\": \"128\", \"p1\": \"128\", \"p2\": \"#pragma omp parallel for\", \"p3\": \"cores\", \"p4\": \"spread\", \"p5\": \"dynamic\"}": 2040.125,
    "{\"p0\": \"128\", \"p1\": \"128\", \"p2\": \"#pragma omp parallel for\", \"p3\": \"threads\", \"p4\": \"close\", \"p5\": \"dynamic\"}": 2633.487,
    "{\"p0\": \"128\", \"p1\": \"160\", \"p2\": \"#pragma omp parallel for\", \"p3\": \"cores\", \"p4\": \"master\", \"p5\": \"dynamic\"}": 2087.241,
    "{\"p0\": \"128\", \"p1\": \"160\", \"p2\": \"#pragma omp parallel for\", \"p3\": \"cores\", \"p4\": \"master\", \"p5\": \"static\"}": 2139.575,
    "{\"p0\": \"128\", \"p1\": \"160\", \"p2\": \"#pragma omp parallel for\", \"p3\": \"cores\", \"p4\": \"spread\", \"p5\": \"dynamic\"}": 2022.71,
    "{\"p0\": \"128\", \"p1\": \"160\", \"p2\": \"#pragma omp parallel for\", \"p3\": \"sockets\", \"p4\": \"spread\", \"p5\": \"static\"}": 2497.588,
    "{\"p0\": \"128\", \"p1\": \"20\", \"p2\": \" \", \"p3\": \"cores\", \"p4\": \"spread\", \"p5\": \"dynamic\"}": 2463.053,
    "{\"p0\": \"128\", \"p1\": \"256\", \"p2\": \" \", \"p3\": \"threads\", \"p4\": \"spread\", \"p5\": \"static\"}": 2213.348,
    "{\"p0\": \"128\", \"p1\": \"40\", \"p2\": \"#pragma omp parallel for\", \"p3\": \"cores\", \"p4\": \"master\", \"p5\": \"dynamic\"}": 2375.853,
    "{\"p0\": \"128\", \"p1\": \"40\", \"p2\": \"#pragma omp parallel for\", \"p3\": \"cores\", \"p4\": \"spread\", \"p5\": \"dynamic\"}": 2111.08,
    "{\"p0\": \"128\", \"p1\": \"40\", \"p2\": \"#pragma omp parallel for\", \"p3\": \"threads\", \"p4\": \"master\", \"p5\": \"static\"}": 2383.679,
    "{\"p0\": \"128\", \"p1\": \"40\", \"p2\": \"#pragma omp parallel for\", \"p3\": \"threads\", \"p4\": \"spread\", \"p5\": \"static\"}": 2038.327,
    "{\"p0\": \"128\", \"p1\": \"400\", \"p2\": \" \", \"p3\": \"threads\", \"p4\": \"close\", \"p5\": \"dynamic\"}": 2672.531,
    "{\"p0\": \"128\", \"p1\": \"400\", \"p2\": \"#pragma omp parallel for\", \"p3\": \"threads\", \"p4\": \"spread\", \"p5\": \"static\"}": 2269.427,
    "{\"p0\": \"128\", \"p1\": \"50\", \"p2\": \" \", \"p3\": \"threads\", \"p4\": \"master\", \"p5\": \"dynamic\"}": 2458.062,
    "{\"p0\": \"128\", \"p1\": \"50\", \"p2\": \"#pragma omp parallel for\", \"p3\": \"cores\", \"p4\": \"spread\", \"p5\": \"dynamic\"}": 2040.133,
    "{\"p0\": \"128\", \"p1\": \"50\", \"p2\": \"#pragma omp parallel for\", \"p3\": \"cores\", \"p4\": \"spread\", \"p5\": \"static\"}": 2172.383,
    "{\"p0\": \"128\", \"p1\": \"64\", \"p2\": \" \", \"p3\": \"cores\", \"p4\": \"spread\", \"p5\": \"static\"}": 2671.297,
    "{\"p0\": \"128\", \"p1\": \"64\", \"p2\": \"#pragma omp parallel for\", \"p3\": \"cores\", \"p4\": \"master\", \"p5\": \"dynamic\"}": 2035.025,
    "{\"p0\": \"128\", \"p1\": \"80\", \"p2\": \" \", \"p3\": \"cores\", \"p4\": \"spread\", \"p5\": \"static\"}": 2773.516,
    "{\"p0\": \"128\", \"p1\": \"80\", \"p2\": \" \", \"p3\": \"threads\", \"p4\": \"master\", \"p5\": \"dynamic\"}": 2216.851,
    "{\"p0\": \"128\", \"p1\": \"80\", \"p2\": \"#pragma omp parallel for\", \"p3\": \"cores\", \"p4\": \"spread\", \"p5\": \"dynamic\"}": 2321.031,
    "{\"p0\": \"16\", \"p1\": \"256\", \"p2\": \"#pragma omp parallel for\", \"p3\": \"sockets\", \"p4\": \"close\", \"p5\": \"dynamic\"}": 3825.579,
    "{\"p0\": \"16\", \"p1\": \"50\", \"p2\": \" \", \"p3\": \"cores\", \"p4\": \"master\", \"p5\": \"static\"}": 3979.57,
    "{\"p0\": \"192\", \"p1\": \"50\", \"p2\": \" \", \"p3\": \"threads\", \"p4\": \"close\", \"p5\": \"dynamic\"}": 2124.576,
    "{\"p0\": \"256\", \"p1\": \"50\", \"p2\": \" \", \"p3\": \"threads\", \"p4\": \"spread\", \"p5\": \"static\"}": 2559.355,
    "{\"p0\": \"32\", \"p1\": \"10\", \"p2\": \"#pragma omp parallel for\", \"p3\": \"threads\", \"p4\": \"spread\", \"p5\": \"static\"}": 3279.002,
    "{\"p0\": \"32\", \"p1\": \"64\", \"p2\": \"#pragma omp parallel for\", \"p3\": \"cores\", \"p4\": \"close\", \"p5\": \"dynamic\"}": 2736.177,
    "{\"p0\": \"32\", \"p1\": \"80\", \"p2\": \"#pragma omp parallel for\", \"p3\": \"sockets\", \"p4\": \"master\", \"p5\": \"dynamic\"}": 2733.347,
    "{\"p0\": \"48\", \"p1\": \"160\", \"p2\": \"#pragma omp parallel for\", \"p3\": \"threads\", \"p4\": \"spread\", \"p5\": \"static\"}": 2390.349,
    "{\"p0\": \"64\", \"p1\": \"128\", \"p2\": \"#pragma omp parallel for\", \"p3\": \"sockets\", \"p4\": \"master\", \"p5\": \"static\"}": 2307.778,
    "{\"p0\": \"64\", \"p1\": \"256\", \"p2\": \"#pragma omp parallel for\", \"p3\": \"sockets\", \"p4\": \"spread\", \"p5\": \"static\"}": 2250.661,
    "{\"p0\": \"8\", \"p1\": \"200\", \"p2\": \"#pragma omp parallel for\", \"p3\": \"cores\", \"p4\": \"master\", \"p5\": \"static\"}": 6279.634,
    "{\"p0\": \"96\", \"p1\": \"400\", \"p2\": \" \", \"p3\": \"sockets\", \"p4\": \"spread\", \"p5\": \"dynamic\"}": 2308.922
}