{
    "{\"p0\": \"2\", \"p1\": \"10\", \"p2\": \"#pragma omp parallel for\", \"p3\": \"cores\", \"p4\": \"close\", \"p5\": \"static\"}": 45.825,
    "{\"p0\": \"3\", \"p1\": \"100\", \"p2\": \"#pragma omp parallel for\", \"p3\": \"sockets\", \"p4\": \"master\", \"p5\": \"dynamic\"}": 33.733,
    "{\"p0\": \"6\", \"p1\": \"128\", \"p2\": \" \", \"p3\": \"cores\", \"p4\": \"master\", \"p5\": \"dynamic\"}": 24.861,
    "{\"p0\": \"6\", \"p1\": \"256\", \"p2\": \"#pragma omp parallel for\", \"p3\": \"sockets\", \"p4\": \"spread\", \"p5\": \"static\"}": 24.38,
    "{\"p0\": \"8\", \"p1\": \"400\", \"p2\": \" \", \"p3\": \"threads\", \"p4\": \"master\", \"p5\": \"static\"}": 22.516
}