{
    "{\"p0\": \"128\", \"p1\": \"160\", \"p2\": \" \", \"p3\": \"threads\", \"p4\": \"spread\", \"p5\": \"static\"}": 2343.481,
    "{\"p0\": \"128\", \"p1\": \"160\", \"p2\": \"#pragma omp parallel for\", \"p3\": \"cores\", \"p4\": \"spread\", \"p5\": \"static\"}": 2045.641,
    "{\"p0\": \"16\", \"p1\": \"400\", \"p2\": \" \", \"p3\": \"sockets\", \"p4\": \"spread\", \"p5\": \"dynamic\"}": 4044.28,
    "{\"p0\": \"192\", \"p1\": \"80\", \"p2\": \" \", \"p3\": \"threads\", \"p4\": \"master\", \"p5\": \"static\"}": 2161.869,
    "{\"p0\": \"2\", \"p1\": \"40\", \"p2\": \"#pragma omp parallel for\", \"p3\": \"cores\", \"p4\": \"close\", \"p5\": \"static\"}": 20494.511,
    "{\"p0\": \"2\", \"p1\": \"80\", \"p2\": \" \", \"p3\": \"threads\", \"p4\": \"spread\", \"p5\": \"static\"}": 20622.418,
    "{\"p0\": \"256\", \"p1\": \"100\", \"p2\": \"#pragma omp parallel for\", \"p3\": \"sockets\", \"p4\": \"spread\", \"p5\": \"dynamic\"}": 1892.169,
    "{\"p0\": \"256\", \"p1\": \"128\", \"p2\": \"#pragma omp parallel for\", \"p3\": \"sockets\", \"p4\": \"spread\", \"p5\": \"dynamic\"}": 1895.334,
    "{\"p0\": \"256\", \"p1\": \"160\", \"p2\": \" \", \"p3\": \"sockets\", \"p4\": \"close\", \"p5\": \"dynamic\"}": 2109.913,
    "{\"p0\": \"256\", \"p1\": \"160\", \"p2\": \" \", \"p3\": \"sockets\", \"p4\": \"close\", \"p5\": \"static\"}": 2111.941,
    "{\"p0\": \"256\", \"p1\": \"160\", \"p2\": \"#pragma omp parallel for\", \"p3\": \"sockets\", \"p4\": \"close\", \"p5\": \"dynamic\"}": 1903.24,
    "{\"p0\": \"256\", \"p1\": \"160\", \"p2\": \"#pragma omp parallel for\", \"p3\": \"sockets\", \"p4\": \"close\", \"p5\": \"static\"}": 1916.721,
    "{\"p0\": \"256\", \"p1\": \"160\", \"p2\": \"#pragma omp parallel for\", \"p3\": \"sockets\", \"p4\": \"spread\", \"p5\": \"dynamic\"}": 1909.867,
    "{\"p0\": \"256\", \"p1\": \"20\", \"p2\": \"#pragma omp parallel for\", \"p3\": \"sockets\", \"p4\": \"close\", \"p5\": \"dynamic\"}": 1877.415,
    "{\"p0\": \"256\", \"p1\": \"200\", \"p2\": \" \", \"p3\": \"sockets\", \"p4\": \"close\", \"p5\": \"dynamic\"}": 2322.813,
    "{\"p0\": \"256\", \"p1\": \"200\", \"p2\": \"#pragma omp parallel for\", \"p3\": \"sockets\", \"p4\": \"close\", \"p5\": \"static\"}": 1899.638,
    "{\"p0\": \"256\", \"p1\": \"256\", \"p2\": \"#pragma omp parallel for\", \"p3\": \"sockets\", \"p4\": \"close\", \"p5\": \"dynamic\"}": 1929.34,
    "{\"p0\": \"256\", \"p1\": \"40\", \"p2\": \" \", \"p3\": \"sockets\", \"p4\": \"close\", \"p5\": \"dynamic\"}": 2084.401,
    "{\"p0\": \"256\", \"p1\": \"40\", \"p2\": \"#pragma omp parallel for\", \"p3\": \"sockets\", \"p4\": \"close\", \"p5\": \"dynamic\"}": 1890.729,
    "{\"p0\": \"256\", \"p1\": \"40\", \"p2\": \"#pragma omp parallel for\", \"p3\": \"sockets\", \"p4\": \"close\", \"p5\": \"static\"}": 2202.581,
    "{\"p0\": \"256\", \"p1\": \"40\", \"p2\": \"#pragma omp parallel for\", \"p3\": \"sockets\", \"p4\": \"spread\", \"p5\": \"dynamic\"}": 2282.031,
    "{\"p0\": \"256\", \"p1\": \"40\", \"p2\": \"#pragma omp parallel for\", \"p3\": \"sockets\", \"p4\": \"spread\", \"p5\": \"static\"}": 1880.347,
    "{\"p0\": \"256\", \"p1\": \"400\", \"p2\": \" \", \"p3\": \"sockets\", \"p4\": \"close\", \"p5\": \"static\"}": 2480.373,
    "{\"p0\": \"256\", \"p1\": \"400\", \"p2\": \"#pragma omp parallel for\", \"p3\": \"sockets\", \"p4\": \"spread\", \"p5\": \"dynamic\"}": 1940.17,
    "{\"p0\": \"256\", \"p1\": \"64\", \"p2\": \"#pragma omp parallel for\", \"p3\": \"sockets\", \"p4\": \"close\", \"p5\": \"static\"}": 1892.697,
    "{\"p0\": \"256\", \"p1\": \"64\", \"p2\": \"#pragma omp parallel for\", \"p3\": \"sockets\", \"p4\": \"spread\", \"p5\": \"dynamic\"}": 1888.121,
    "{\"p0\": \"256\", \"p1\": \"80\", \"p2\": \" \", \"p3\": \"sockets\", \"p4\": \"close\", \"p5\": \"dynamic\"}": 2683.39,
    "{\"p0\": \"256\", \"p1\": \"80\", \"p2\": \"#pragma omp parallel for\", \"p3\": \"cores\", \"p4\": \"close\", \"p5\": \"static\"}": 1892.844,
    "{\"p0\": \"256\", \"p1\": \"80\", \"p2\": \"#pragma omp parallel for\", \"p3\": \"sockets\", \"p4\": \"close\", \"p5\": \"dynamic\"}": 1883.612,
    "{\"p0\": \"256\", \"p1\": \"80\", \"p2\": \"#pragma omp parallel for\", \"p3\": \"sockets\", \"p4\": \"close\", \"p5\": \"static\"}": 1917.227,
    "{\"p0\": \"32\", \"p1\": \"256\", \"p2\": \"#pragma omp parallel for\", \"p3\": \"sockets\", \"p4\": \"close\", \"p5\": \"static\"}": 2777.362,
    "{\"p0\": \"4\", \"p1\": \"50\", \"p2\": \" \", \"p3\": \"cores\", \"p4\": \"master\", \"p5\": \"static\"}": 11528.04,
    "{\"p0\": \"4\", \"p1\": \"80\", \"p2\": \"#pragma omp parallel for\", \"p3\": \"cores\", \"p4\": \"close\", \"p5\": \"static\"}": 11571.089,
    "{\"p0\": \"4\", \"p1\": \"80\", \"p2\": \"#pragma omp parallel for\", \"p3\": \"threads\", \"p4\": \"spread\", \"p5\": \"dynamic\"}": 11553.998,
    "{\"p0\": \"48\", \"p1\": \"256\", \"p2\": \"#pragma omp parallel for\", \"p3\": \"sockets\", \"p4\": \"close\", \"p5\": \"static\"}": 2655.913,
    "{\"p0\": \"64\", \"p1\": \"50\", \"p2\": \"#pragma omp parallel for\", \"p3\": \"cores\", \"p4\": \"master\", \"p5\": \"static\"}": 2216.846,
    "{\"p0\": \"64\", \"p1\": \"80\", \"p2\": \"#pragma omp parallel for\", \"p3\": \"sockets\", \"p4\": \"close\", \"p5\": \"static\"}": 2252.792,
    "{\"p0\": \"8\", \"p1\": \"20\", \"p2\": \"#pragma omp parallel for\", \"p3\": \"sockets\", \"p4\": \"master\", \"p5\": \"static\"}": 6250.675,
    "{\"p0\": \"96\", \"p1\": \"100\", \"p2\": \"#pragma omp parallel for\", \"p3\": \"cores\", \"p4\": \"master\", \"p5\": \"dynamic\"}": 2376.709,
    "{\"p0\": \"96\", \"p1\": \"100\", \"p2\": \"#pragma omp parallel for\", \"p3\": \"sockets\", \"p4\": \"close\", \"p5\": \"static\"}": 2119.908
}