{
    "{\"p0\": \"16\", \"p1\": \"cores\", \"p2\": \"close\", \"p3\": \"dynamic\"}": 3157.885,
    "{\"p0\": \"16\", \"p1\": \"threads\", \"p2\": \"master\", \"p3\": \"dynamic\"}": 3147.626,
    "{\"p0\": \"192\", \"p1\": \"sockets\", \"p2\": \"close\", \"p3\": \"dynamic\"}": 3338.041,
    "{\"p0\": \"192\", \"p1\": \"threads\", \"p2\": \"master\", \"p3\": \"dynamic\"}": 3361.294,
    "{\"p0\": \"192\", \"p1\": \"threads\", \"p2\": \"master\", \"p3\": \"static\"}": 3296.439,
    "{\"p0\": \"2\", \"p1\": \"cores\", \"p2\": \"close\", \"p3\": \"static\"}": 3335.386,
    "{\"p0\": \"2\", \"p1\": \"threads\", \"p2\": \"close\", \"p3\": \"dynamic\"}": 3314.369,
    "{\"p0\": \"2\", \"p1\": \"threads\", \"p2\": \"master\", \"p3\": \"dynamic\"}": 3360.426,
    "{\"p0\": \"256\", \"p1\": \"sockets\", \"p2\": \"spread\", \"p3\": \"static\"}": 3330.913,
    "{\"p0\": \"256\", \"p1\": \"threads\", \"p2\": \"master\", \"p3\": \"dynamic\"}": 3312.936,
    "{\"p0\": \"32\", \"p1\": \"sockets\", \"p2\": \"close\", \"p3\": \"dynamic\"}": 3118.604,
    "{\"p0\": \"32\", \"p1\": \"sockets\", \"p2\": \"close\", \"p3\": \"static\"}": 3121.633,
    "{\"p0\": \"32\", \"p1\": \"sockets\", \"p2\": \"spread\", \"p3\": \"static\"}": 3201.045,
    "{\"p0\": \"32\", \"p1\": \"threads\", \"p2\": \"close\", \"p3\": \"dynamic\"}": 3157.062,
    "{\"p0\": \"32\", \"p1\": \"threads\", \"p2\": \"close\", \"p3\": \"static\"}": 3150.682,
    "{\"p0\": \"32\", \"p1\": \"threads\", \"p2\": \"master\", \"p3\": \"dynamic\"}": 3155.055,
    "{\"p0\": \"32\", \"p1\": \"threads\", \"p2\": \"spread\", \"p3\": \"dynamic\"}": 3134.377,
    "{\"p0\": \"4\", \"p1\": \"cores\", \"p2\": \"close\", \"p3\": \"dynamic\"}": 3235.81,
    "{\"p0\": \"4\", \"p1\": \"threads\", \"p2\": \"master\", \"p3\": \"dynamic\"}": 3235.896,
    "{\"p0\": \"64\", \"p1\": \"cores\", \"p2\": \"spread\", \"p3\": \"static\"}": 3199.688,
    "{\"p0\": \"64\", \"p1\": \"threads\", \"p2\": \"master\", \"p3\": \"dynamic\"}": 3213.629,
    "{\"p0\": \"8\", \"p1\": \"threads\", \"p2\": \"master\", \"p3\": \"dynamic\"}": 3164.359,
    "{\"p0\": \"96\", \"p1\": \"sockets\", \"p2\": \"master\", \"p3\": \"dynamic\"}": 3202.985,
    "{\"p0\": \"96\", \"p1\": \"threads\", \"p2\": \"master\", \"p3\": \"dynamic\"}": 3234.931
}